,index,Age,MP,Starts,CrdY,P90Gls,P90Ast,90s,Sh/90,SoT/90,TotPassCmp,KP,Prog,DribPl,Annual_Salary(GBP),Pos
0,aaron cresswell,28.0,20.0,18.0,1.0,0.0,0.06,17.7,0.62,0.0,835.0,16.0,109.0,8.0,2600000.0,D
1,aaron lennon,31.0,16.0,14.0,1.0,0.07,0.07,13.5,0.3,0.15,235.0,7.0,19.0,8.0,1820000.0,F
2,aaron ramsey,27.0,28.0,14.0,0.0,0.27,0.41,14.8,2.23,0.81,647.0,24.0,70.0,14.0,6240000.0,M
3,aaron wan-bissaka,20.0,35.0,35.0,4.0,0.0,0.09,34.8,0.26,0.0,1156.0,14.0,164.0,78.0,780000.0,D
4,abdoulaye doucoure,25.0,35.0,34.0,7.0,0.15,0.18,34.0,1.53,0.47,1640.0,37.0,165.0,44.0,3640000.0,M
5,adam lallana,30.0,13.0,5.0,1.0,0.0,0.0,5.2,0.96,0.38,253.0,9.0,35.0,10.0,5720000.0,M
6,adam masina,24.0,14.0,11.0,5.0,0.0,0.09,11.2,0.27,0.0,436.0,2.0,67.0,6.0,1456000.0,D
7,adam smith,27.0,25.0,25.0,5.0,0.04,0.04,23.0,0.35,0.04,860.0,10.0,116.0,19.0,1820000.0,D
8,adama traore,22.0,29.0,8.0,1.0,0.1,0.1,10.0,1.9,0.7,240.0,17.0,45.0,63.0,2236000.0,F
9,ademola lookman,20.0,21.0,3.0,0.0,0.0,0.29,6.9,1.75,0.44,221.0,9.0,33.0,28.0,1196000.0,F
10,adrian mariappa,31.0,26.0,20.0,3.0,0.0,0.0,21.4,0.23,0.05,736.0,5.0,44.0,2.0,780000.0,D
11,adrien silva,29.0,2.0,1.0,0.0,0.0,0.0,1.0,0.0,0.0,70.0,0.0,6.0,0.0,4160000.0,M
12,ainsley maitland-niles,20.0,16.0,11.0,2.0,0.09,0.09,11.0,0.55,0.27,454.0,6.0,73.0,19.0,1820000.0,D
13,alberto moreno,26.0,2.0,2.0,0.0,0.0,0.0,1.7,0.58,0.0,110.0,3.0,15.0,4.0,3380000.0,D
14,alex iwobi,22.0,35.0,22.0,0.0,0.14,0.27,21.9,1.6,0.64,774.0,39.0,130.0,58.0,2600000.0,F
15,alex mccarthy,28.0,25.0,25.0,1.0,0.0,0.0,25.0,0.0,0.0,318.0,0.0,0.0,1.0,2600000.0,G
16,alex oxlade-chamberlain,24.0,2.0,0.0,0.0,0.0,0.0,0.2,4.29,4.29,12.0,1.0,6.0,1.0,6240000.0,M
17,alexander sorloth,22.0,12.0,0.0,0.0,0.0,0.0,2.1,1.95,0.97,41.0,3.0,5.0,1.0,1040000.0,F
18,alexandre lacazette,27.0,35.0,27.0,2.0,0.47,0.29,27.8,2.91,1.01,579.0,29.0,79.0,53.0,9467273.0,F
19,alexis sanchez,29.0,20.0,9.0,3.0,0.1,0.31,9.8,1.84,0.92,292.0,20.0,51.0,21.0,18200000.0,F
20,alireza jahanbakhsh,24.0,19.0,12.0,2.0,0.0,0.0,11.3,1.94,0.62,210.0,4.0,32.0,22.0,2600000.0,F
21,alisson,25.0,38.0,38.0,1.0,0.0,0.0,38.0,0.0,0.0,1039.0,0.0,0.0,1.0,4680000,G
22,alvaro morata,25.0,16.0,11.0,3.0,0.48,0.0,10.5,3.35,1.53,171.0,6.0,5.0,7.0,NaN,F
23,ander herrera,28.0,22.0,16.0,4.0,0.13,0.19,15.6,1.35,0.58,864.0,12.0,84.0,16.0,5980000.0,M
24,andre gomes,25.0,27.0,24.0,7.0,0.05,0.05,22.0,1.0,0.23,1025.0,7.0,117.0,37.0,5800000.0,M
25,andre gray,27.0,29.0,13.0,2.0,0.46,0.13,15.2,2.44,0.99,171.0,13.0,12.0,13.0,3640000.0,F
26,andreas christensen,22.0,8.0,6.0,1.0,0.0,0.0,6.9,0.0,0.0,416.0,0.0,32.0,0.0,4160000.0,D
27,andreas pereira,22.0,15.0,6.0,5.0,0.15,0.15,6.7,1.2,0.3,297.0,9.0,38.0,10.0,1560000.0,M
28,andrew robertson,24.0,36.0,36.0,4.0,0.0,0.31,35.7,0.39,0.14,2283.0,52.0,321.0,32.0,2600000.0,D
29,andrew surman,31.0,18.0,16.0,2.0,0.0,0.0,16.0,0.56,0.06,725.0,9.0,85.0,4.0,1820000.0,M
30,andriy yarmolenko,28.0,9.0,5.0,2.0,0.39,0.0,5.1,1.76,0.59,168.0,5.0,20.0,4.0,5980000.0,F
31,andros townsend,27.0,38.0,34.0,1.0,0.18,0.12,33.4,1.85,0.51,895.0,64.0,134.0,79.0,2860000.0,F
32,andy carroll,29.0,12.0,3.0,2.0,0.0,0.0,5.1,2.73,1.17,86.0,3.0,4.0,4.0,4680000.0,F
33,angel gomes,17.0,2.0,0.0,0.0,0.0,0.0,0.3,6.67,3.33,20.0,0.0,1.0,0.0,NaN,M
34,angelo ogbonna,30.0,24.0,20.0,2.0,0.05,0.05,20.8,0.62,0.24,659.0,4.0,34.0,2.0,3640000.0,D
35,angus gunn,22.0,12.0,12.0,0.0,0.0,0.0,12.0,0.0,0.0,119.0,0.0,0.0,0.0,2080000.0,G
36,anthony knockaert,26.0,30.0,18.0,4.0,0.1,0.29,20.4,1.42,0.44,523.0,40.0,85.0,33.0,1820000.0,F
37,anthony martial,22.0,27.0,18.0,2.0,0.56,0.11,18.0,2.05,1.22,575.0,33.0,83.0,34.0,5720000.0,F
38,antonio barreca,23.0,1.0,0.0,0.0,0.0,0.0,0.1,0.0,0.0,1.0,0.0,1.0,0.0,NaN,D
39,antonio rudiger,25.0,33.0,33.0,7.0,0.03,0.0,31.9,0.88,0.22,2310.0,5.0,149.0,5.0,6000000.0,D
40,antonio valencia,32.0,6.0,5.0,2.0,0.0,0.0,5.2,0.39,0.0,275.0,7.0,40.0,3.0,4420000.0,D
41,arthur masuaku,24.0,23.0,19.0,2.0,0.0,0.05,19.5,0.2,0.05,878.0,15.0,91.0,30.0,2080000.0,D
42,artur boruc,38.0,12.0,12.0,2.0,0.0,0.0,12.0,0.0,0.0,225.0,0.0,0.0,0.0,2080000.0,G
43,ashley barnes,28.0,37.0,26.0,8.0,0.45,0.08,26.5,2.3,1.02,346.0,20.0,45.0,12.0,2080000.0,F
44,ashley westwood,28.0,34.0,31.0,5.0,0.06,0.22,31.4,0.7,0.22,1111.0,43.0,200.0,11.0,1612000.0,M
45,ashley young,33.0,30.0,28.0,9.0,0.07,0.07,28.5,0.42,0.11,1380.0,42.0,259.0,23.0,6240000.0,D
46,asmir begovic,31.0,24.0,24.0,0.0,0.0,0.0,24.0,0.0,0.0,431.0,0.0,1.0,0.0,3640000.0,G
47,aymeric laporte,24.0,35.0,34.0,3.0,0.09,0.09,34.0,0.79,0.21,2793.0,14.0,251.0,3.0,3380000.0,D
48,ayoze perez,25.0,37.0,34.0,2.0,0.37,0.06,32.4,1.64,0.8,609.0,38.0,68.0,67.0,2340000.0,F
49,bakary sako,30.0,4.0,0.0,0.0,0.0,0.0,0.3,0.0,0.0,9.0,0.0,0.0,0.0,NaN,F
50,ben chilwell,21.0,36.0,36.0,4.0,0.0,0.11,36.0,0.56,0.28,1575.0,40.0,211.0,44.0,3380000.0,D
51,ben davies,25.0,27.0,20.0,2.0,0.0,0.0,20.5,0.73,0.05,1071.0,17.0,145.0,5.0,3120000.0,D
52,ben foster,35.0,38.0,38.0,1.0,0.0,0.0,38.0,0.03,0.0,600.0,7.0,2.0,0.0,1560000.0,G
53,ben gibson,25.0,1.0,1.0,1.0,1.45,0.0,0.7,1.45,1.45,21.0,0.0,2.0,1.0,2080000.0,D
54,ben johnson,18.0,1.0,1.0,0.0,0.0,0.0,0.7,0.0,0.0,19.0,0.0,0.0,1.0,NaN,D
55,ben mee,28.0,38.0,38.0,9.0,0.0,0.05,38.0,0.61,0.16,1119.0,9.0,99.0,9.0,2860000.0,D
56,ben wilmot,18.0,2.0,0.0,0.0,0.0,0.0,0.3,0.0,0.0,8.0,0.0,1.0,0.0,260000.0,M
57,benjamin mendy,24.0,10.0,10.0,1.0,0.0,0.5,10.0,0.7,0.2,668.0,12.0,113.0,15.0,4680000.0,D
58,beram kayal,30.0,18.0,9.0,4.0,0.1,0.1,10.4,0.38,0.1,203.0,5.0,29.0,8.0,1300000.0,M
59,bernard,25.0,34.0,25.0,5.0,0.04,0.13,23.5,1.02,0.21,633.0,40.0,91.0,48.0,6240000,F
60,bernardo,23.0,22.0,19.0,4.0,0.0,0.05,19.5,0.41,0.15,735.0,9.0,131.0,16.0,1300000,D
61,bernardo silva,23.0,36.0,31.0,3.0,0.22,0.22,31.7,2.02,0.69,1513.0,70.0,168.0,55.0,6240000.0,M
62,bernd leno,26.0,32.0,31.0,0.0,0.0,0.0,31.5,0.0,0.0,779.0,0.0,2.0,0.0,5200000.0,G
63,bruno,37.0,14.0,14.0,2.0,0.0,0.08,12.6,0.16,0.0,506.0,6.0,75.0,8.0,NaN,D
64,bukayo saka,16.0,1.0,0.0,0.0,0.0,0.0,0.1,0.0,0.0,0.0,0.0,0.0,0.0,NaN,F
65,caglar soyuncu,22.0,6.0,4.0,1.0,0.0,0.0,4.1,0.48,0.24,183.0,0.0,16.0,4.0,2340000.0,D
66,callum hudson-odoi,17.0,10.0,4.0,0.0,0.0,0.23,4.4,1.37,0.69,192.0,8.0,16.0,11.0,NaN,F
67,callum slattery,19.0,3.0,1.0,0.0,0.0,0.0,1.2,1.61,0.0,21.0,0.0,3.0,1.0,NaN,M
68,callum wilson,26.0,30.0,29.0,3.0,0.5,0.32,28.1,2.24,0.96,319.0,28.0,45.0,27.0,2080000.0,F
69,carl jenkinson,26.0,3.0,2.0,0.0,0.0,0.0,1.8,0.0,0.0,72.0,0.0,4.0,0.0,2340000.0,D
70,carlos sanchez,32.0,7.0,2.0,0.0,0.0,0.0,2.7,1.1,0.0,124.0,2.0,10.0,6.0,2600000.0,M
71,cedric soares,26.0,18.0,16.0,4.0,0.06,0.12,16.6,0.6,0.18,577.0,13.0,91.0,9.0,3380000.0,D
72,cenk tosun,27.0,25.0,10.0,3.0,0.25,0.25,11.8,2.89,1.27,190.0,11.0,18.0,9.0,3120000.0,F
73,cesar azpilicueta,28.0,38.0,38.0,4.0,0.03,0.13,37.8,0.45,0.19,2471.0,25.0,231.0,17.0,4680000.0,D
74,cesc fabregas,31.0,6.0,1.0,1.0,0.0,0.0,2.0,0.5,0.0,165.0,3.0,19.0,0.0,8112000.0,M
75,charlie austin,29.0,25.0,11.0,1.0,0.18,0.18,10.9,3.02,0.73,127.0,9.0,9.0,8.0,3640000.0,F
76,charlie daniels,31.0,21.0,17.0,4.0,0.06,0.0,17.6,0.74,0.17,785.0,11.0,112.0,16.0,1820000.0,D
77,charlie taylor,24.0,38.0,35.0,2.0,0.0,0.03,36.0,0.17,0.0,1224.0,12.0,163.0,43.0,1300000.0,D
78,cheikhou kouyate,28.0,31.0,21.0,3.0,0.0,0.09,21.1,1.0,0.38,639.0,15.0,70.0,20.0,3380000.0,M
79,chris mepham,20.0,13.0,10.0,1.0,0.0,0.11,9.4,0.21,0.0,324.0,0.0,22.0,5.0,607000.0,D
80,chris smalling,28.0,24.0,24.0,1.0,0.04,0.0,23.6,0.51,0.17,800.0,3.0,38.0,1.0,4160000.0,D
81,chris wood,26.0,38.0,29.0,2.0,0.35,0.07,28.8,2.02,0.8,406.0,15.0,26.0,15.0,2600000.0,F
82,christian atsu,26.0,28.0,15.0,2.0,0.06,0.0,16.6,1.69,0.84,335.0,14.0,31.0,33.0,1560000.0,M
83,christian benteke,27.0,16.0,9.0,1.0,0.11,0.11,9.0,3.21,0.88,139.0,8.0,13.0,5.0,6240000.0,F
84,christian eriksen,26.0,35.0,30.0,3.0,0.26,0.39,30.8,2.73,1.01,1540.0,75.0,228.0,23.0,3900000.0,M
85,christian fuchs,32.0,3.0,2.0,0.0,0.0,0.0,2.3,0.87,0.0,121.0,6.0,30.0,1.0,2600000.0,D
86,christian kabasele,27.0,21.0,19.0,4.0,0.0,0.0,17.6,0.45,0.11,429.0,1.0,33.0,0.0,1560000.0,D
87,ciaran clark,28.0,11.0,9.0,1.0,0.31,0.0,9.5,0.73,0.31,225.0,3.0,19.0,0.0,1820000.0,D
88,connor wickham,25.0,6.0,0.0,0.0,0.0,1.34,0.7,6.72,1.34,6.0,1.0,1.0,0.0,3120000.0,F
89,conor coady,25.0,38.0,38.0,5.0,0.0,0.0,38.0,0.0,0.0,1412.0,0.0,61.0,2.0,780000.0,D
90,craig cathcart,29.0,36.0,35.0,2.0,0.09,0.0,34.4,0.47,0.17,1046.0,1.0,64.0,3.0,1200000.0,D
91,dale stephens,29.0,30.0,29.0,6.0,0.04,0.04,27.6,0.36,0.07,1145.0,21.0,126.0,11.0,1560000.0,M
92,dan gosling,28.0,25.0,19.0,8.0,0.1,0.05,19.3,1.09,0.36,755.0,7.0,100.0,8.0,1820000.0,M
93,daniel amartey,23.0,9.0,7.0,2.0,0.0,0.0,7.1,0.56,0.14,354.0,3.0,42.0,2.0,1092000.0,D
94,daniel sturridge,28.0,18.0,4.0,1.0,0.35,0.18,5.7,3.18,1.06,148.0,8.0,31.0,5.0,6760000.0,F
95,danilo,27.0,11.0,9.0,1.0,0.11,0.0,9.0,1.56,0.33,767.0,5.0,66.0,6.0,4160000,D
96,danny ings,26.0,24.0,23.0,1.0,0.38,0.16,18.3,2.83,1.04,287.0,25.0,42.0,37.0,3900000.0,F
97,danny rose,28.0,26.0,20.0,5.0,0.0,0.15,20.0,0.75,0.1,869.0,26.0,130.0,39.0,3120000.0,D
98,danny simpson,31.0,6.0,3.0,0.0,0.0,0.0,3.2,0.0,0.0,108.0,1.0,21.0,0.0,2340000.0,D
99,danny welbeck,27.0,8.0,1.0,0.0,0.59,0.59,1.7,2.35,1.18,41.0,7.0,11.0,3.0,6500000.0,F
100,daryl janmaat,29.0,18.0,17.0,3.0,0.0,0.12,16.9,0.65,0.06,563.0,10.0,105.0,13.0,2340000.0,D
101,david brooks,21.0,30.0,29.0,3.0,0.28,0.2,25.1,1.63,0.84,649.0,29.0,110.0,49.0,1040000.0,M
102,david button,29.0,4.0,4.0,0.0,0.0,0.0,4.0,0.0,0.0,48.0,0.0,0.0,0.0,833333.0,G
103,david de gea,27.0,38.0,38.0,1.0,0.0,0.0,38.0,0.0,0.0,712.0,1.0,1.0,0.0,10400000.0,G
104,david luiz,31.0,36.0,36.0,3.0,0.08,0.06,36.0,0.92,0.22,2293.0,16.0,232.0,8.0,6240000.0,D
105,david silva,32.0,33.0,28.0,2.0,0.22,0.3,26.7,1.87,0.67,1783.0,73.0,204.0,31.0,11440000.0,M
106,davide zappacosta,26.0,4.0,1.0,0.0,0.0,0.0,1.4,1.41,0.7,77.0,1.0,7.0,4.0,3640000.0,D
107,davinson sanchez,22.0,23.0,22.0,2.0,0.05,0.05,21.6,0.56,0.14,1289.0,1.0,52.0,0.0,3380000.0,D
108,davy propper,26.0,30.0,30.0,2.0,0.04,0.04,28.3,0.53,0.07,980.0,19.0,130.0,40.0,2340000.0,M
109,deandre yedlin,25.0,29.0,28.0,6.0,0.04,0.07,27.5,0.4,0.07,784.0,29.0,156.0,10.0,1560000.0,D
110,declan rice,19.0,34.0,34.0,4.0,0.06,0.0,33.4,0.72,0.15,1364.0,9.0,85.0,25.0,156000.0,M
111,dejan lovren,29.0,13.0,11.0,1.0,0.09,0.0,11.0,0.55,0.09,716.0,1.0,29.0,0.0,5200000.0,D
112,dele alli,22.0,25.0,22.0,4.0,0.25,0.15,20.3,1.97,0.89,843.0,28.0,99.0,33.0,5200000.0,M
113,demarai gray,22.0,34.0,23.0,2.0,0.18,0.05,22.1,2.09,0.86,523.0,11.0,46.0,46.0,2860000.0,F
114,denis suarez,24.0,4.0,0.0,0.0,0.0,0.0,0.8,0.0,0.0,32.0,0.0,2.0,3.0,NaN,F
115,diego rico,25.0,12.0,5.0,1.0,0.0,0.0,6.8,1.32,0.0,259.0,11.0,67.0,6.0,1001000.0,D
116,diogo dalot,19.0,16.0,12.0,3.0,0.0,0.18,11.3,1.33,0.0,395.0,17.0,69.0,13.0,1300000.0,D
117,diogo jota,21.0,33.0,29.0,11.0,0.34,0.19,26.2,2.18,0.88,597.0,27.0,78.0,65.0,2860000.0,F
118,divock origi,23.0,12.0,4.0,0.0,0.73,0.24,4.1,3.15,1.46,77.0,3.0,9.0,9.0,2340000.0,F
119,domingos quina,18.0,8.0,3.0,0.0,0.27,0.0,3.8,1.33,0.27,198.0,1.0,19.0,9.0,416000.0,M
120,dominic calvert-lewin,21.0,35.0,19.0,3.0,0.3,0.1,19.8,2.77,0.86,283.0,10.0,21.0,27.0,1040000.0,F
121,dominic solanke,20.0,10.0,2.0,0.0,0.0,0.26,3.9,2.33,0.78,73.0,8.0,6.0,9.0,1300000.0,F
122,dwight mcneil,18.0,21.0,19.0,2.0,0.17,0.28,17.7,1.58,0.34,383.0,27.0,69.0,36.0,NaN,M
123,eddie nketiah,19.0,5.0,0.0,0.0,1.34,0.0,0.7,4.03,1.34,19.0,1.0,2.0,2.0,NaN,M
124,eden hazard,27.0,37.0,32.0,2.0,0.49,0.46,32.5,2.77,1.2,1595.0,93.0,269.0,143.0,11700000.0,F
125,ederson,24.0,38.0,38.0,2.0,0.0,0.03,38.0,0.0,0.0,918.0,3.0,3.0,1.0,3380000,G
126,emerson hyndman,22.0,1.0,0.0,0.0,0.0,0.0,0.4,0.0,0.0,17.0,0.0,1.0,0.0,780000.0,M
127,emerson palmieri,23.0,10.0,7.0,0.0,0.0,0.0,7.4,0.68,0.14,451.0,4.0,37.0,11.0,2184000.0,D
128,eric bailly,24.0,12.0,8.0,0.0,0.0,0.0,7.1,0.42,0.14,267.0,0.0,10.0,2.0,4160000.0,D
129,eric dier,24.0,20.0,18.0,4.0,0.18,0.0,16.7,0.54,0.18,890.0,8.0,78.0,4.0,3120000.0,M
130,erik lamela,26.0,19.0,9.0,2.0,0.37,0.18,10.8,2.68,1.02,368.0,24.0,47.0,23.0,4160000.0,F
131,etienne capoue,30.0,33.0,33.0,14.0,0.03,0.09,32.7,0.52,0.09,1482.0,9.0,164.0,32.0,2080000.0,M
132,fabian balbuena,26.0,23.0,23.0,2.0,0.04,0.0,22.4,0.76,0.09,655.0,3.0,42.0,2.0,2080000.0,D
133,fabian delph,28.0,11.0,8.0,1.0,0.0,0.12,8.1,0.5,0.37,692.0,3.0,63.0,6.0,4680000.0,D
134,fabian schar,26.0,24.0,22.0,12.0,0.18,0.05,22.2,1.04,0.32,699.0,11.0,77.0,13.0,2080000.0,D
135,fabinho,24.0,28.0,21.0,6.0,0.04,0.09,22.4,0.76,0.18,1403.0,16.0,135.0,16.0,5200000,M
136,federico fernandez,29.0,19.0,17.0,2.0,0.0,0.06,16.5,0.24,0.06,483.0,4.0,45.0,2.0,2236000.0,D
137,felipe anderson,25.0,36.0,36.0,3.0,0.27,0.12,33.8,1.72,0.71,1328.0,60.0,223.0,89.0,4420000.0,F
138,fernandinho,33.0,29.0,27.0,5.0,0.04,0.11,26.4,1.17,0.27,1804.0,24.0,218.0,12.0,7800000,M
139,fernando llorente,33.0,20.0,6.0,2.0,0.13,0.52,7.7,2.98,0.65,152.0,11.0,6.0,10.0,3900000.0,F
140,florian lejeune,27.0,12.0,12.0,0.0,0.0,0.0,11.7,0.51,0.17,427.0,3.0,33.0,3.0,1976000.0,D
141,florin andone,25.0,23.0,8.0,5.0,0.31,0.0,9.8,1.94,0.72,122.0,2.0,6.0,16.0,2080000.0,F
142,fousseni diabate,22.0,1.0,1.0,0.0,0.0,0.0,0.6,0.0,0.0,10.0,1.0,1.0,0.0,780000.0,F
143,fraser forster,30.0,1.0,1.0,0.0,0.0,0.0,1.0,0.0,0.0,10.0,0.0,0.0,0.0,3640000.0,G
144,fred,25.0,17.0,13.0,2.0,0.09,0.09,11.6,1.47,0.17,656.0,14.0,72.0,13.0,6240000,M
145,gabriel jesus,21.0,29.0,8.0,1.0,0.61,0.26,11.5,3.65,1.91,296.0,20.0,21.0,26.0,4680000.0,F
146,gaetan bong,30.0,22.0,19.0,0.0,0.0,0.0,20.1,0.1,0.0,598.0,8.0,116.0,14.0,1040000.0,D
147,gary cahill,32.0,2.0,0.0,0.0,0.0,0.0,0.3,0.0,0.0,18.0,0.0,6.0,0.0,5200000.0,D
148,georges-kevin n'koudou,23.0,1.0,0.0,0.0,0.0,18.0,0.1,0.0,0.0,3.0,1.0,1.0,0.0,1820000,F
149,georginio wijnaldum,27.0,35.0,32.0,3.0,0.1,0.0,30.3,0.99,0.26,1620.0,21.0,131.0,36.0,3900000.0,M
150,gerard deulofeu,24.0,30.0,26.0,3.0,0.44,0.22,23.0,2.7,1.0,580.0,30.0,85.0,46.0,3120000.0,F
151,glenn murray,34.0,38.0,30.0,5.0,0.47,0.04,27.9,1.83,0.57,385.0,11.0,36.0,16.0,1560000.0,F
152,gonzalo higuain,30.0,14.0,13.0,0.0,0.41,0.0,12.1,3.73,1.08,253.0,15.0,11.0,15.0,NaN,F
153,grady diangana,20.0,17.0,6.0,0.0,0.0,0.15,6.8,1.48,0.44,200.0,11.0,24.0,19.0,NaN,F
154,granit xhaka,25.0,29.0,29.0,10.0,0.14,0.07,27.8,1.08,0.4,1955.0,38.0,272.0,16.0,5200000.0,M
155,gylfi sigurdsson,28.0,38.0,36.0,3.0,0.38,0.17,34.6,2.34,0.84,830.0,72.0,190.0,42.0,5200000.0,M
156,hamza choudhury,20.0,9.0,7.0,0.0,0.0,0.0,6.6,0.61,0.3,207.0,4.0,18.0,2.0,416000.0,M
157,harry kane,25.0,28.0,27.0,5.0,0.63,0.15,26.9,3.6,1.56,423.0,29.0,81.0,45.0,10400000.0,F
158,harry maguire,25.0,31.0,31.0,6.0,0.1,0.0,28.8,1.01,0.38,1496.0,9.0,166.0,17.0,4680000.0,D
159,harry winks,22.0,26.0,17.0,4.0,0.06,0.0,17.7,0.51,0.11,1286.0,6.0,85.0,18.0,2600000.0,M
160,harvey barnes,20.0,16.0,11.0,0.0,0.09,0.18,11.2,3.5,0.99,257.0,16.0,35.0,21.0,NaN,F
161,hector bellerin,23.0,19.0,18.0,3.0,0.0,0.29,17.0,1.06,0.23,794.0,9.0,104.0,19.0,5720000.0,D
162,helder costa,24.0,25.0,16.0,3.0,0.07,0.13,14.9,1.68,0.47,372.0,17.0,39.0,33.0,1690000.0,F
163,henrikh mkhitaryan,29.0,25.0,19.0,1.0,0.33,0.22,18.2,2.74,0.77,661.0,27.0,96.0,27.0,9360000.0,F
164,hugo lloris,31.0,33.0,33.0,0.0,0.0,0.0,33.0,0.0,0.0,890.0,1.0,0.0,0.0,5200000.0,G
165,idrissa gana gueye,28.0,33.0,32.0,6.0,0.0,0.06,31.4,0.64,0.1,1478.0,19.0,171.0,23.0,3640000,M
166,ilkay gundogan,27.0,31.0,23.0,3.0,0.25,0.13,23.7,1.81,0.46,1837.0,43.0,201.0,18.0,6240000.0,M
167,isaac hayden,23.0,25.0,21.0,3.0,0.05,0.19,20.7,0.97,0.24,581.0,20.0,55.0,13.0,1144000.0,M
168,isaac success,22.0,30.0,9.0,4.0,0.09,0.09,11.7,2.4,0.94,262.0,19.0,35.0,18.0,1560000.0,F
169,issa diop,21.0,33.0,33.0,4.0,0.03,0.0,33.0,0.42,0.12,973.0,2.0,64.0,5.0,3484000.0,D
170,ivan cavaleiro,24.0,23.0,6.0,1.0,0.39,0.13,7.7,1.56,0.52,252.0,17.0,30.0,17.0,1450000.0,F
171,jack cork,29.0,37.0,37.0,6.0,0.03,0.05,36.8,0.41,0.05,1081.0,17.0,95.0,29.0,1976000.0,M
172,jack simpson,21.0,6.0,4.0,0.0,0.0,0.0,4.5,0.45,0.22,191.0,1.0,10.0,0.0,156000.0,D
173,jack stephens,24.0,24.0,19.0,4.0,0.05,0.0,18.9,0.37,0.26,599.0,4.0,60.0,4.0,2496000.0,D
174,jack wilshere,26.0,8.0,4.0,2.0,0.0,0.23,4.4,0.46,0.23,190.0,5.0,11.0,8.0,5200000.0,M
175,jacob murphy,23.0,9.0,3.0,0.0,0.0,0.3,3.4,0.6,0.3,39.0,1.0,9.0,3.0,1300000.0,M
176,jamaal lascelles,24.0,32.0,32.0,4.0,0.0,0.03,30.5,0.33,0.03,836.0,2.0,53.0,3.0,2080000.0,D
177,james garner,17.0,1.0,0.0,0.0,0.0,0.0,0.0,0.0,0.0,0.0,0.0,0.0,0.0,NaN,M
178,james maddison,21.0,36.0,35.0,4.0,0.22,0.22,31.5,2.61,0.86,1243.0,96.0,237.0,46.0,2860000.0,M
179,james mcarthur,30.0,38.0,36.0,7.0,0.09,0.18,34.0,1.0,0.24,1151.0,30.0,101.0,30.0,2860000.0,M
180,james mccarthy,27.0,1.0,0.0,0.0,0.0,0.0,0.2,0.0,0.0,7.0,0.0,0.0,0.0,2600000.0,M
181,james milner,32.0,31.0,19.0,6.0,0.25,0.2,19.9,1.06,0.2,1300.0,45.0,207.0,18.0,7280000.0,M
182,james tarkowski,25.0,35.0,35.0,8.0,0.09,0.03,34.3,0.7,0.23,790.0,6.0,102.0,9.0,2600000.0,D
183,james tomkins,29.0,29.0,29.0,5.0,0.04,0.04,28.4,0.81,0.25,915.0,6.0,51.0,1.0,2600000.0,D
184,james ward-prowse,23.0,26.0,21.0,4.0,0.32,0.0,21.6,1.39,0.65,622.0,44.0,88.0,7.0,2340000.0,M
185,jamie vardy,31.0,34.0,30.0,3.0,0.59,0.13,30.3,2.48,1.06,286.0,29.0,38.0,21.0,7280000.0,F
186,jan bednarek,22.0,25.0,24.0,7.0,0.0,0.04,23.9,0.25,0.04,591.0,7.0,71.0,2.0,1040000.0,D
187,jan vertonghen,31.0,22.0,22.0,4.0,0.05,0.0,21.2,0.75,0.09,1338.0,3.0,93.0,10.0,5200000.0,D
188,jannik vestergaard,25.0,23.0,23.0,2.0,0.0,0.0,22.5,0.58,0.04,671.0,6.0,73.0,12.0,3120000.0,D
189,jason puncheon,32.0,5.0,0.0,0.0,0.0,0.0,0.1,0.0,0.0,10.0,1.0,0.0,0.0,1820000.0,M
190,javier hernandez,30.0,25.0,14.0,2.0,0.47,0.07,14.8,2.29,1.08,239.0,6.0,23.0,14.0,7280000,F
191,javier manquillo,24.0,18.0,12.0,2.0,0.0,0.25,12.2,0.16,0.08,352.0,8.0,77.0,6.0,1820000.0,D
192,jeff hendrick,26.0,32.0,25.0,4.0,0.13,0.0,22.9,0.83,0.26,511.0,15.0,59.0,18.0,1820000.0,M
193,jefferson lerma,23.0,30.0,29.0,12.0,0.07,0.0,27.8,1.19,0.29,1320.0,15.0,117.0,28.0,2600000.0,M
194,jeffrey schlupp,25.0,30.0,18.0,1.0,0.22,0.05,18.6,1.56,0.49,484.0,17.0,60.0,28.0,2912000.0,M
195,jermain defoe,35.0,4.0,0.0,0.0,0.0,0.0,0.3,3.6,3.6,0.0,0.0,0.0,0.0,3380000,D
196,jesse lingard,25.0,27.0,19.0,3.0,0.22,0.11,18.5,1.68,0.65,668.0,17.0,49.0,23.0,3900000.0,F
197,joao moutinho,31.0,38.0,35.0,4.0,0.03,0.24,33.7,0.53,0.09,1660.0,80.0,263.0,15.0,5200000,M
198,joe gomez,21.0,16.0,12.0,2.0,0.0,0.0,11.8,0.34,0.08,705.0,6.0,42.0,5.0,1560000.0,D
199,joe hart,31.0,19.0,19.0,0.0,0.0,0.0,19.0,0.0,0.0,262.0,1.0,4.0,0.0,2340000.0,G
200,joe willock,18.0,2.0,1.0,0.0,0.0,0.0,0.7,2.81,0.0,12.0,0.0,0.0,1.0,NaN,M
201,joel matip,26.0,22.0,17.0,3.0,0.06,0.0,17.1,0.47,0.12,1158.0,2.0,60.0,5.0,5200000.0,D
202,joel ward,28.0,7.0,6.0,1.0,0.16,0.0,6.1,0.33,0.16,185.0,3.0,28.0,2.0,1820000.0,D
203,johann berg gudmundsson,27.0,29.0,19.0,2.0,0.15,0.31,19.5,1.75,0.57,407.0,40.0,87.0,19.0,1560000.0,M
204,john ruddy,31.0,1.0,1.0,0.0,0.0,0.0,1.0,0.0,0.0,15.0,0.0,0.0,0.0,1820000.0,G
205,john stones,24.0,24.0,20.0,1.0,0.0,0.0,19.6,0.26,0.05,1646.0,5.0,86.0,5.0,5200000.0,D
206,jonjo shelvey,26.0,16.0,10.0,1.0,0.09,0.09,10.5,2.28,0.76,458.0,24.0,99.0,15.0,3640000.0,M
207,jonjoe kenny,21.0,10.0,8.0,1.0,0.0,0.11,8.8,0.34,0.0,431.0,5.0,81.0,10.0,780000.0,D
208,jonny castro,24.0,33.0,32.0,6.0,0.03,0.03,30.8,0.84,0.23,1124.0,25.0,107.0,27.0,1907000.0,D
209,jonny evans,30.0,24.0,21.0,2.0,0.05,0.0,22.2,0.45,0.18,867.0,4.0,35.0,0.0,4160000.0,D
210,jordan ayew,26.0,20.0,14.0,3.0,0.08,0.15,13.1,1.98,0.23,201.0,13.0,16.0,25.0,NaN,F
211,jordan henderson,28.0,32.0,21.0,2.0,0.05,0.14,22.1,0.72,0.05,1550.0,14.0,148.0,13.0,7280000.0,M
212,jordan pickford,24.0,38.0,38.0,1.0,0.0,0.0,38.0,0.0,0.0,748.0,1.0,1.0,0.0,5200000.0,G
213,jordon ibe,22.0,19.0,9.0,1.0,0.11,0.11,8.9,1.02,0.34,214.0,10.0,44.0,25.0,1976000.0,M
214,jorginho,26.0,37.0,37.0,8.0,0.06,0.0,35.1,0.51,0.17,2703.0,29.0,317.0,16.0,5400000,M
215,jose holebas,34.0,28.0,27.0,12.0,0.11,0.23,26.6,0.64,0.23,819.0,36.0,175.0,25.0,1560000.0,D
216,jose izquierdo,26.0,15.0,9.0,1.0,0.0,0.11,8.8,1.7,0.45,162.0,5.0,18.0,13.0,2340000.0,M
217,joselu,28.0,16.0,5.0,1.0,0.3,0.0,6.6,2.42,0.76,124.0,1.0,12.0,7.0,2080000,F
218,josh sims,21.0,7.0,2.0,0.0,0.0,0.42,2.4,2.12,0.42,36.0,2.0,3.0,3.0,936000,F
219,joshua king,26.0,35.0,34.0,3.0,0.36,0.09,32.9,1.95,0.55,607.0,37.0,94.0,79.0,2340000.0,F
220,juan foyth,20.0,12.0,10.0,3.0,0.1,0.0,9.9,0.51,0.1,506.0,3.0,24.0,22.0,1118000.0,D
221,juan mata,30.0,22.0,16.0,3.0,0.21,0.14,14.3,1.33,0.42,618.0,29.0,84.0,13.0,8320000.0,F
222,julian speroni,39.0,1.0,1.0,0.0,0.0,0.0,1.0,0.0,0.0,16.0,0.0,0.0,0.0,1300000.0,G
223,junior stanislas,28.0,23.0,11.0,1.0,0.17,0.26,11.5,2.88,0.79,409.0,15.0,66.0,18.0,1820000.0,M
224,jurgen locadia,24.0,26.0,12.0,1.0,0.15,0.0,13.7,1.89,0.66,263.0,13.0,25.0,8.0,2340000.0,F
225,kasper schmeichel,31.0,38.0,38.0,3.0,0.0,0.0,38.0,0.03,0.0,825.0,1.0,3.0,2.0,6760000.0,G
226,kayne ramsey,17.0,1.0,1.0,0.0,0.0,0.0,1.0,0.0,0.0,14.0,0.0,0.0,0.0,NaN,D
227,kelechi iheanacho,21.0,30.0,9.0,2.0,0.1,0.29,10.5,1.82,0.57,217.0,14.0,22.0,11.0,3120000.0,F
228,ken sema,24.0,17.0,9.0,1.0,0.12,0.24,8.4,1.19,0.36,186.0,7.0,20.0,22.0,780000.0,F
229,kenedy,22.0,25.0,14.0,1.0,0.07,0.07,15.0,1.94,0.33,386.0,11.0,53.0,46.0,1300000,M
230,kepa arrizabalaga,23.0,36.0,36.0,2.0,0.0,0.0,36.0,0.0,0.0,974.0,0.0,1.0,1.0,7800000.0,G
231,kevin de bruyne,27.0,19.0,11.0,2.0,0.18,0.18,10.8,2.86,1.02,625.0,33.0,110.0,20.0,18200000.0,M
232,kevin long,27.0,6.0,5.0,0.0,0.0,0.18,5.7,0.18,0.0,139.0,0.0,10.0,0.0,1200000.0,D
233,ki sung-yueng,29.0,18.0,14.0,2.0,0.0,0.07,14.5,0.62,0.14,520.0,15.0,82.0,5.0,2080000.0,M
234,kieran trippier,27.0,27.0,26.0,2.0,0.04,0.12,25.3,0.32,0.12,1515.0,48.0,262.0,10.0,3380000.0,D
235,kiko femenia,27.0,29.0,22.0,1.0,0.04,0.04,22.8,0.31,0.13,950.0,15.0,131.0,17.0,1040000.0,D
236,konstantinos mavropanos,20.0,4.0,3.0,1.0,0.0,0.0,1.6,0.61,0.0,125.0,1.0,8.0,1.0,1300000.0,D
237,kurt zouma,23.0,32.0,29.0,4.0,0.07,0.07,29.0,0.59,0.14,1218.0,6.0,87.0,5.0,4000000.0,D
238,kyle walker,28.0,33.0,30.0,3.0,0.03,0.03,30.9,0.65,0.1,2337.0,24.0,189.0,25.0,5200000.0,D
239,kyle walker-peters,21.0,6.0,4.0,1.0,0.0,0.72,4.2,0.48,0.0,186.0,8.0,21.0,8.0,1040000.0,D
240,laurent koscielny,32.0,17.0,13.0,1.0,0.2,0.0,14.8,0.34,0.27,805.0,2.0,27.0,1.0,4680000.0,D
241,leander dendoncker,23.0,19.0,17.0,1.0,0.12,0.0,16.3,0.98,0.55,504.0,7.0,37.0,12.0,1972000.0,M
242,leighton baines,33.0,6.0,5.0,0.0,0.0,0.0,4.2,0.48,0.24,206.0,4.0,43.0,0.0,3640000.0,D
243,leo bonatini,24.0,7.0,0.0,0.0,0.0,0.67,1.5,6.0,0.67,41.0,2.0,5.0,0.0,1820000.0,F
244,leon balogun,30.0,8.0,5.0,2.0,0.15,0.0,6.6,0.45,0.15,174.0,0.0,4.0,3.0,950000.0,D
245,leroy sane,22.0,31.0,21.0,1.0,0.48,0.48,20.7,2.7,1.16,750.0,36.0,93.0,65.0,4680000.0,F
246,lewis cook,21.0,13.0,8.0,2.0,0.0,0.0,8.0,0.37,0.0,328.0,2.0,40.0,9.0,1820000.0,M
247,lewis dunk,26.0,36.0,36.0,6.0,0.06,0.03,35.0,0.63,0.11,1240.0,9.0,50.0,1.0,2340000.0,D
248,lucas digne,25.0,35.0,33.0,5.0,0.12,0.12,32.9,1.03,0.3,1460.0,70.0,293.0,16.0,4680000.0,D
249,lucas moura,25.0,32.0,25.0,3.0,0.42,0.0,23.6,1.91,0.85,561.0,27.0,61.0,46.0,4160000.0,F
250,lucas perez,29.0,15.0,4.0,0.0,0.57,0.0,5.3,1.71,0.57,102.0,8.0,5.0,5.0,4160000.0,F
251,lucas torreira,22.0,34.0,24.0,7.0,0.08,0.08,26.5,0.91,0.23,1420.0,16.0,137.0,23.0,3900000.0,M
252,luka milivojevic,27.0,38.0,38.0,10.0,0.32,0.05,38.0,1.24,0.34,1629.0,59.0,248.0,20.0,2860000.0,M
253,lukasz fabianski,33.0,38.0,38.0,0.0,0.0,0.0,38.0,0.0,0.0,651.0,3.0,0.0,1.0,3380000.0,G
254,luke amos,21.0,1.0,0.0,0.0,0.0,0.0,0.0,0.0,0.0,1.0,0.0,0.0,0.0,NaN,M
255,luke dreher,19.0,1.0,0.0,0.0,0.0,0.0,0.0,0.0,0.0,3.0,0.0,0.0,0.0,NaN,M
256,luke shaw,23.0,29.0,29.0,11.0,0.03,0.14,28.8,0.69,0.21,1657.0,33.0,238.0,30.0,7800000.0,D
257,lys mousset,22.0,24.0,1.0,1.0,0.24,0.0,4.1,3.18,1.71,86.0,4.0,10.0,7.0,1040000.0,F
258,mamadou sakho,28.0,27.0,27.0,2.0,0.0,0.0,26.8,0.19,0.0,1135.0,7.0,100.0,11.0,5200000.0,D
259,manolo gabbiadini,26.0,12.0,4.0,0.0,0.19,0.0,5.3,3.97,1.51,83.0,4.0,5.0,5.0,4160000.0,F
260,manuel lanzini,25.0,10.0,8.0,2.0,0.13,0.13,7.6,1.44,0.52,408.0,6.0,42.0,14.0,3640000.0,M
261,marc albrighton,28.0,27.0,18.0,3.0,0.11,0.11,18.1,1.05,0.39,459.0,30.0,101.0,24.0,2340000.0,F
262,marc navarro,23.0,2.0,1.0,0.0,0.0,0.0,0.9,0.0,0.0,22.0,0.0,2.0,1.0,1196000.0,D
263,marcos alonso,27.0,31.0,31.0,6.0,0.07,0.13,30.7,1.4,0.23,1838.0,31.0,175.0,25.0,5200000.0,D
264,marcos rojo,28.0,5.0,2.0,2.0,0.0,0.0,2.4,2.55,1.27,99.0,0.0,9.0,1.0,4160000.0,D
265,marcus rashford,20.0,33.0,26.0,3.0,0.39,0.23,25.9,3.2,1.54,538.0,38.0,75.0,52.0,2340000.0,F
266,mario lemina,24.0,21.0,18.0,5.0,0.06,0.06,17.9,1.51,0.22,704.0,11.0,71.0,29.0,3380000.0,M
267,mark noble,31.0,31.0,29.0,6.0,0.2,0.2,25.5,0.51,0.2,1293.0,21.0,163.0,16.0,2600000.0,M
268,mark travers,19.0,2.0,2.0,0.0,0.0,0.0,2.0,0.0,0.0,43.0,0.0,1.0,0.0,NaN,G
269,marko arnautovic,29.0,28.0,24.0,3.0,0.45,0.18,22.1,2.8,1.36,496.0,33.0,46.0,29.0,5200000.0,F
270,marouane fellaini,30.0,14.0,6.0,1.0,0.0,0.12,8.4,0.96,0.36,347.0,3.0,31.0,5.0,5200000.0,M
271,martin dubravka,29.0,38.0,38.0,1.0,0.0,0.0,38.0,0.0,0.0,686.0,0.0,0.0,1.0,1976000.0,G
272,martin kelly,28.0,13.0,12.0,2.0,0.0,0.0,12.3,0.24,0.08,263.0,1.0,17.0,0.0,1300000.0,D
273,martin montoya,27.0,25.0,24.0,4.0,0.0,0.04,24.1,0.33,0.04,895.0,19.0,148.0,15.0,2600000.0,D
274,mason greenwood,16.0,3.0,1.0,0.0,0.0,0.0,1.3,5.38,3.08,51.0,3.0,4.0,3.0,NaN,F
275,mason holgate,21.0,5.0,4.0,1.0,0.0,0.0,4.5,0.0,0.0,192.0,0.0,26.0,2.0,1300000.0,D
276,matej vydra,26.0,13.0,3.0,1.0,0.28,0.28,3.5,1.7,0.85,46.0,1.0,4.0,3.0,1820000.0,F
277,mateo kovacic,24.0,32.0,21.0,3.0,0.0,0.1,19.3,1.5,0.16,1355.0,25.0,100.0,34.0,3900000.0,M
278,mathew ryan,26.0,34.0,34.0,2.0,0.0,0.0,34.0,0.0,0.0,551.0,0.0,0.0,0.0,1820000.0,G
279,matt doherty,26.0,38.0,35.0,5.0,0.11,0.14,34.9,1.23,0.49,1333.0,41.0,294.0,30.0,520000.0,D
280,matt ritchie,28.0,36.0,35.0,9.0,0.06,0.25,32.5,1.2,0.22,1036.0,53.0,216.0,17.0,2340000.0,D
281,matt targett,22.0,16.0,13.0,2.0,0.08,0.23,13.2,0.83,0.23,456.0,22.0,107.0,2.0,1820000.0,D
282,matteo darmian,28.0,6.0,5.0,0.0,0.0,0.0,4.9,0.2,0.2,176.0,2.0,17.0,2.0,2340000.0,D
283,matteo guendouzi,19.0,33.0,23.0,9.0,0.0,0.0,23.9,0.63,0.13,1412.0,19.0,146.0,33.0,2080000.0,M
284,matthew lowton,29.0,21.0,19.0,7.0,0.0,0.0,19.4,0.26,0.0,623.0,8.0,131.0,15.0,1300000.0,D
285,max kilman,21.0,1.0,0.0,0.0,0.0,0.0,0.0,0.0,0.0,0.0,0.0,0.0,0.0,NaN,D
286,max meyer,22.0,29.0,15.0,3.0,0.06,0.13,15.7,2.22,0.38,566.0,23.0,56.0,19.0,6500000.0,M
287,maya yoshida,29.0,17.0,17.0,0.0,0.0,0.06,16.9,0.77,0.18,424.0,6.0,33.0,2.0,2600000.0,D
288,mesut ozil,29.0,24.0,20.0,2.0,0.26,0.1,19.3,0.57,0.31,1028.0,46.0,147.0,19.0,18200000.0,M
289,michael keane,25.0,33.0,33.0,2.0,0.03,0.06,33.0,0.88,0.27,1285.0,8.0,108.0,7.0,3120000.0,D
290,michael obafemi,18.0,6.0,1.0,1.0,0.66,0.66,1.5,5.26,1.31,17.0,2.0,3.0,2.0,NaN,F
291,michail antonio,28.0,33.0,22.0,3.0,0.26,0.17,23.4,2.78,1.07,513.0,20.0,76.0,63.0,3640000.0,F
292,michel vorm,34.0,2.0,2.0,0.0,0.0,0.0,2.0,0.0,0.0,51.0,0.0,0.0,0.0,2080000.0,G
293,michy batshuayi,24.0,11.0,9.0,0.0,0.6,0.0,8.3,3.12,1.2,111.0,1.0,7.0,14.0,5200000,F
294,miguel almiron,24.0,10.0,9.0,0.0,0.0,0.0,8.4,2.25,0.95,188.0,12.0,28.0,10.0,NaN,F
295,miguel britos,33.0,3.0,2.0,0.0,0.0,0.0,2.1,0.0,0.0,48.0,0.0,5.0,0.0,1300000.0,D
296,mohamed diame,31.0,29.0,24.0,3.0,0.0,0.0,24.1,0.87,0.12,571.0,1.0,45.0,27.0,2340000.0,M
297,mohamed elneny,26.0,8.0,5.0,0.0,0.0,0.0,4.2,1.66,0.0,259.0,4.0,28.0,1.0,2600000.0,M
298,mohamed elyounoussi,23.0,16.0,8.0,0.0,0.0,0.0,8.8,2.16,0.68,176.0,13.0,27.0,12.0,3120000.0,M
299,mohamed salah,26.0,38.0,37.0,1.0,0.61,0.22,36.1,3.74,1.66,864.0,68.0,158.0,86.0,10400000.0,F
300,morgan gibbs-white,18.0,26.0,5.0,1.0,0.0,0.14,7.4,1.09,0.14,271.0,12.0,23.0,15.0,78000.0,M
301,morgan schneiderlin,28.0,14.0,10.0,2.0,0.0,0.11,9.3,0.32,0.0,484.0,9.0,29.0,7.0,5200000.0,M
302,mousa dembele,31.0,10.0,7.0,1.0,0.0,0.0,5.7,0.17,0.0,278.0,0.0,23.0,7.0,NaN,M
303,moussa sissoko,28.0,29.0,27.0,2.0,0.0,0.12,25.9,0.58,0.12,1205.0,23.0,102.0,49.0,4160000.0,M
304,n'golo kante,27.0,36.0,36.0,3.0,0.12,0.12,34.4,0.84,0.17,1805.0,47.0,150.0,36.0,7500000.0,M
305,naby keita,23.0,25.0,16.0,0.0,0.13,0.06,15.4,1.81,0.58,898.0,10.0,114.0,30.0,6240000.0,M
306,nacho monreal,32.0,22.0,21.0,5.0,0.05,0.15,20.7,0.44,0.19,1121.0,11.0,101.0,10.0,3640000.0,D
307,nampalys mendy,26.0,31.0,23.0,5.0,0.0,0.0,23.2,0.13,0.0,969.0,6.0,80.0,21.0,2600000.0,M
308,nathan ake,23.0,38.0,38.0,3.0,0.11,0.0,37.9,0.58,0.21,1469.0,5.0,91.0,3.0,2080000.0,D
309,nathan redmond,24.0,38.0,36.0,3.0,0.17,0.11,36.3,2.04,0.61,877.0,55.0,111.0,116.0,3120000.0,F
310,nathaniel chalobah,23.0,9.0,3.0,2.0,0.0,0.0,3.0,0.67,0.33,93.0,0.0,11.0,1.0,1820000.0,M
311,nathaniel clyne,54.0,18.0,14.0,2.0,0.0,0.08,13.900000000000000,2.5900000000000000,0.0,522.0,5.0,86.0,6.0,3640000.0,D
312,nemanja matic,29.0,28.0,28.0,7.0,0.04,0.0,27.1,0.44,0.11,1579.0,14.0,152.0,20.0,6240000.0,M
313,nicolas otamendi,30.0,18.0,14.0,1.0,0.0,0.0,13.7,1.02,0.22,1156.0,2.0,54.0,1.0,6240000.0,D
314,oleksandr zinchenko,21.0,14.0,14.0,1.0,0.0,0.23,12.8,0.55,0.08,1208.0,12.0,117.0,8.0,1040000.0,D
315,oliver skipp,17.0,8.0,2.0,0.0,0.0,0.0,2.4,0.82,0.0,116.0,1.0,5.0,3.0,NaN,M
316,olivier giroud,31.0,27.0,7.0,1.0,0.21,0.43,9.4,3.29,1.06,174.0,16.0,12.0,2.0,6240000.0,F
317,oriol romeu,26.0,31.0,25.0,11.0,0.04,0.0,23.7,0.42,0.17,898.0,7.0,130.0,12.0,3380000.0,M
318,oumar niasse,28.0,5.0,0.0,0.0,0.0,0.0,0.7,4.29,1.43,13.0,1.0,3.0,2.0,2860000.0,F
319,pablo zabaleta,33.0,26.0,23.0,4.0,0.0,0.04,23.2,0.3,0.04,863.0,7.0,145.0,10.0,3900000.0,D
320,pape souare,28.0,1.0,0.0,0.0,0.0,0.0,0.0,0.0,0.0,3.0,0.0,0.0,0.0,1560000.0,D
321,pascal gross,27.0,25.0,24.0,1.0,0.14,0.14,20.7,1.01,0.34,654.0,53.0,118.0,10.0,2600000.0,M
322,patrick van aanholt,27.0,36.0,36.0,3.0,0.08,0.06,35.5,1.24,0.34,1587.0,34.0,292.0,28.0,2860000.0,D
323,paul dummett,26.0,26.0,21.0,1.0,0.0,0.0,22.1,0.36,0.05,639.0,5.0,104.0,3.0,1820000.0,D
324,paul pogba,25.0,35.0,34.0,6.0,0.39,0.27,33.4,2.87,1.14,1728.0,51.0,274.0,62.0,15080000.0,M
325,paulo gazzaniga,26.0,3.0,3.0,0.0,0.0,0.0,3.0,0.0,0.0,70.0,0.0,0.0,0.0,1040000.0,G
326,pedro,31.0,31.0,21.0,2.0,0.4,0.1,19.8,2.94,1.21,950.0,27.0,77.0,38.0,3000000,F
327,pedro obiang,26.0,24.0,12.0,0.0,0.0,0.08,12.5,1.28,0.08,434.0,4.0,51.0,9.0,2860000.0,M
328,peter crouch,37.0,6.0,0.0,1.0,0.0,0.0,1.0,3.91,0.98,11.0,0.0,2.0,0.0,NaN,F
329,petr cech,36.0,7.0,7.0,0.0,0.0,0.0,6.5,0.0,0.0,168.0,0.0,0.0,1.0,5720000.0,G
330,phil bardsley,33.0,19.0,19.0,9.0,0.0,0.0,18.6,0.65,0.05,523.0,6.0,117.0,7.0,1300000.0,D
331,phil foden,18.0,13.0,3.0,0.0,0.27,0.0,3.7,3.76,1.61,202.0,8.0,19.0,9.0,624000.0,M
332,phil jagielka,35.0,7.0,4.0,0.0,0.27,0.0,3.7,0.27,0.27,136.0,1.0,6.0,0.0,2600000.0,D
333,phil jones,26.0,18.0,15.0,1.0,0.0,0.07,14.0,0.36,0.14,692.0,3.0,31.0,4.0,3900000.0,D
334,pierre hojbjerg,22.0,31.0,31.0,8.0,0.13,0.1,30.7,1.73,0.62,1495.0,27.0,165.0,31.0,2600000,M
335,pierre-emerick aubameyang,29.0,36.0,30.0,0.0,0.73,0.17,30.3,2.94,1.12,526.0,33.0,68.0,32.0,10400000.0,F
336,rachid ghezzal,26.0,19.0,8.0,3.0,0.12,0.0,8.3,2.54,0.73,355.0,15.0,53.0,16.0,2340000,F
337,rafael camacho,18.0,1.0,0.0,0.0,0.0,0.0,0.0,0.0,0.0,0.0,0.0,0.0,0.0,NaN,D
338,raheem sterling,23.0,34.0,31.0,3.0,0.55,0.29,30.8,2.47,1.2,1099.0,58.0,100.0,91.0,9360000.0,F
339,raul jimenez,27.0,38.0,36.0,4.0,0.38,0.2,34.6,3.27,0.93,789.0,42.0,81.0,37.0,2132000.0,F
340,ricardo pereira,24.0,35.0,35.0,7.0,0.06,0.17,34.7,0.75,0.26,1495.0,31.0,224.0,72.0,3640000.0,D
341,richarlison,21.0,35.0,32.0,5.0,0.44,0.03,29.6,2.94,0.91,546.0,17.0,76.0,50.0,4680000,F
342,riyad mahrez,27.0,27.0,14.0,0.0,0.47,0.27,14.9,3.62,1.61,717.0,25.0,98.0,33.0,6240000.0,F
343,rob holding,22.0,10.0,9.0,1.0,0.0,0.0,9.0,0.11,0.0,540.0,2.0,23.0,4.0,1300000.0,D
344,robbie brady,26.0,16.0,6.0,3.0,0.0,0.12,8.0,1.5,0.25,162.0,13.0,35.0,9.0,1820000.0,M
345,robert snodgrass,30.0,33.0,25.0,10.0,0.08,0.2,24.7,1.26,0.32,875.0,61.0,138.0,37.0,2080000.0,M
346,roberto firmino,26.0,34.0,31.0,0.0,0.41,0.21,29.0,2.52,1.07,1056.0,42.0,158.0,60.0,9360000.0,F
347,roberto pereyra,27.0,33.0,33.0,3.0,0.19,0.03,31.3,1.79,0.67,967.0,38.0,125.0,54.0,2340000.0,F
348,romain saiss,28.0,19.0,12.0,7.0,0.16,0.0,12.8,0.86,0.39,553.0,3.0,59.0,5.0,1144000.0,M
349,romelu lukaku,25.0,32.0,22.0,4.0,0.51,0.0,23.7,2.49,1.39,379.0,24.0,49.0,27.0,9360000.0,F
350,ross barkley,24.0,27.0,13.0,1.0,0.22,0.36,13.8,2.75,0.58,881.0,21.0,66.0,19.0,5000000.0,M
351,ruben loftus-cheek,22.0,24.0,6.0,0.0,0.54,0.18,11.1,2.43,0.72,549.0,17.0,51.0,29.0,1820000.0,M
352,ruben neves,21.0,35.0,34.0,8.0,0.12,0.09,33.4,2.13,0.45,1569.0,19.0,176.0,14.0,2600000.0,M
353,ruben vinagre,19.0,17.0,7.0,1.0,0.0,0.0,7.9,0.63,0.51,301.0,6.0,50.0,14.0,1560000.0,D
354,rui patricio,30.0,37.0,37.0,1.0,0.0,0.0,37.0,0.0,0.0,493.0,0.0,0.0,0.0,5200000.0,G
355,ryan bennett,28.0,34.0,34.0,12.0,0.03,0.0,34.0,0.44,0.09,1095.0,5.0,95.0,1.0,1040000.0,D
356,ryan bertrand,28.0,24.0,24.0,8.0,0.04,0.0,24.0,0.62,0.08,795.0,23.0,161.0,11.0,3640000.0,D
357,ryan fraser,24.0,38.0,35.0,2.0,0.2,0.4,35.2,1.42,0.68,1019.0,87.0,225.0,25.0,1404000.0,M
358,ryan fredericks,25.0,15.0,12.0,5.0,0.08,0.0,12.1,0.41,0.17,397.0,3.0,48.0,8.0,2080000.0,D
359,sadio mane,26.0,36.0,35.0,2.0,0.64,0.03,34.2,2.57,1.23,932.0,43.0,111.0,67.0,5200000.0,F
360,salomon rondon,28.0,32.0,30.0,1.0,0.38,0.24,28.9,3.08,1.0,538.0,30.0,55.0,24.0,NaN,F
361,sam gallagher,22.0,4.0,0.0,0.0,0.0,0.0,0.4,0.0,0.0,2.0,0.0,0.0,0.0,2080000.0,F
362,sam surridge,20.0,2.0,0.0,0.0,0.0,0.0,0.1,13.85,6.92,3.0,1.0,0.0,0.0,NaN,F
363,sam vokes,28.0,20.0,10.0,0.0,0.3,0.0,10.2,2.26,0.69,151.0,6.0,21.0,3.0,1300000.0,F
364,samir nasri,31.0,5.0,3.0,0.0,0.0,0.73,2.7,1.1,0.0,135.0,6.0,13.0,2.0,NaN,M
365,scott dann,31.0,10.0,7.0,1.0,0.0,0.14,7.4,0.81,0.14,190.0,0.0,17.0,4.0,3120000.0,D
366,scott mctominay,21.0,16.0,9.0,1.0,0.21,0.0,9.6,1.56,0.62,387.0,1.0,28.0,4.0,520000.0,M
367,sead kolasinac,25.0,24.0,22.0,5.0,0.0,0.24,21.0,0.48,0.1,973.0,32.0,117.0,17.0,5200000.0,D
368,seamus coleman,29.0,29.0,29.0,1.0,0.07,0.07,28.4,0.46,0.18,1218.0,22.0,188.0,26.0,3640000.0,D
369,sean longstaff,20.0,9.0,8.0,2.0,0.13,0.0,7.6,1.05,0.26,236.0,5.0,27.0,5.0,36000,M
370,sebastian prodl,31.0,1.0,0.0,0.0,0.0,0.0,0.1,0.0,0.0,3.0,0.0,0.0,0.0,2340000.0,D
371,serge aurier,25.0,8.0,6.0,1.0,0.0,0.32,6.3,0.64,0.16,253.0,5.0,40.0,10.0,3640000.0,D
372,sergio aguero,30.0,33.0,31.0,4.0,0.77,0.29,27.3,4.32,1.5,665.0,34.0,68.0,32.0,13000000.0,F
373,shane duffy,26.0,35.0,35.0,4.0,0.15,0.03,34.3,1.14,0.41,990.0,6.0,33.0,5.0,2080000.0,D
374,shane long,31.0,26.0,12.0,3.0,0.35,0.07,14.1,2.12,0.64,211.0,13.0,23.0,7.0,3120000.0,F
375,shinji okazaki,32.0,21.0,1.0,0.0,0.0,0.31,3.2,1.25,0.94,75.0,2.0,7.0,6.0,1820000.0,F
376,shkodran mustafi,26.0,31.0,31.0,9.0,0.07,0.0,29.0,0.65,0.31,1438.0,5.0,105.0,12.0,4680000.0,D
377,simon francis,33.0,17.0,13.0,1.0,0.0,0.15,13.7,0.22,0.07,598.0,11.0,94.0,4.0,1560000.0,D
378,sokratis papastathopoulos,30.0,25.0,25.0,12.0,0.04,0.08,24.4,0.41,0.04,1215.0,4.0,40.0,8.0,4784000.0,D
379,solly march,24.0,35.0,30.0,1.0,0.04,0.18,27.4,1.53,0.33,597.0,38.0,86.0,48.0,1560000.0,F
380,son heung-min,26.0,31.0,23.0,2.0,0.53,0.26,22.7,3.31,1.24,646.0,31.0,71.0,62.0,7280000,F
381,stefano okaka,28.0,2.0,0.0,1.0,0.0,0.0,0.3,7.5,0.0,9.0,2.0,1.0,1.0,1820000.0,F
382,stephan lichtsteiner,34.0,14.0,10.0,3.0,0.0,0.0,10.4,0.1,0.0,460.0,2.0,47.0,8.0,3900000.0,D
383,stephen ward,32.0,3.0,3.0,1.0,0.0,0.0,2.5,0.39,0.39,112.0,1.0,16.0,2.0,1456000.0,D
384,steve cook,27.0,31.0,31.0,3.0,0.03,0.03,31.0,0.71,0.26,1222.0,12.0,117.0,4.0,2340000.0,D
385,steven davis,33.0,3.0,1.0,0.0,0.0,0.92,1.1,0.0,0.0,65.0,3.0,7.0,0.0,3120000.0,M
386,steven defour,30.0,6.0,6.0,0.0,0.0,0.0,5.0,0.0,0.0,198.0,2.0,21.0,1.0,2340000.0,M
387,stuart armstrong,26.0,29.0,16.0,2.0,0.19,0.13,15.9,2.01,0.75,498.0,28.0,71.0,18.0,2600000.0,M
388,tahith chong,18.0,2.0,0.0,0.0,0.0,0.0,0.4,4.74,2.37,13.0,0.0,2.0,1.0,NaN,F
389,theo walcott,29.0,37.0,24.0,1.0,0.21,0.08,23.5,1.83,0.89,447.0,21.0,66.0,27.0,5200000.0,F
390,toby alderweireld,29.0,34.0,33.0,3.0,0.0,0.0,32.5,0.52,0.18,2067.0,7.0,133.0,2.0,4160000,D
391,tom cleverley,28.0,13.0,4.0,2.0,0.19,0.0,5.3,0.56,0.19,175.0,0.0,18.0,1.0,2600000.0,M
392,tom davies,20.0,16.0,10.0,3.0,0.0,0.0,10.9,0.64,0.18,414.0,5.0,51.0,12.0,1300000.0,M
393,tom heaton,32.0,19.0,19.0,3.0,0.0,0.0,19.0,0.05,0.0,284.0,2.0,8.0,1.0,2200000.0,G
394,trent alexander-arnold,19.0,29.0,27.0,3.0,0.04,0.44,27.4,1.06,0.33,1644.0,48.0,322.0,23.0,2600000,D
395,troy deeney,30.0,32.0,28.0,4.0,0.32,0.18,28.3,2.16,0.99,522.0,40.0,109.0,10.0,3380000.0,F
396,tyreke johnson,19.0,1.0,0.0,0.0,0.0,0.0,0.0,0.0,0.0,0.0,0.0,0.0,0.0,NaN,F
397,tyrone mings,25.0,5.0,2.0,0.0,0.0,0.0,1.6,0.0,0.0,74.0,0.0,6.0,1.0,NaN,D
398,vicente guaita,31.0,20.0,20.0,2.0,0.0,0.0,19.5,0.0,0.0,297.0,1.0,0.0,0.0,3120000.0,G
399,vicente iborra,30.0,8.0,3.0,0.0,0.0,0.0,2.5,0.79,0.39,124.0,1.0,12.0,0.0,2860000.0,M
400,victor lindelof,24.0,30.0,29.0,1.0,0.03,0.03,28.9,0.24,0.03,1323.0,4.0,71.0,7.0,6240000.0,D
401,victor moses,27.0,2.0,0.0,0.0,0.0,0.0,0.3,0.0,0.0,11.0,0.0,1.0,0.0,3900000.0,F
402,victor wanyama,27.0,13.0,4.0,2.0,0.17,0.0,5.7,1.22,0.35,259.0,2.0,16.0,6.0,3380000.0,M
403,vincent janssen,24.0,3.0,0.0,0.0,0.0,0.0,0.4,6.92,4.62,7.0,0.0,0.0,0.0,1768000.0,F
404,vincent kompany,32.0,17.0,13.0,6.0,0.07,0.0,13.6,0.22,0.07,1127.0,3.0,68.0,3.0,6240000.0,D
405,virgil van dijk,27.0,38.0,38.0,1.0,0.11,0.05,37.6,0.85,0.21,2709.0,6.0,157.0,8.0,9360000.0,D
406,wayne hennessey,31.0,18.0,17.0,0.0,0.0,0.0,17.5,0.0,0.0,259.0,0.0,1.0,0.0,2080000.0,G
407,wes morgan,34.0,22.0,21.0,3.0,0.14,0.0,21.4,0.65,0.23,739.0,2.0,34.0,3.0,3120000.0,D
408,wesley hoedt,24.0,13.0,13.0,2.0,0.0,0.0,13.0,0.46,0.08,495.0,1.0,36.0,6.0,3120000.0,D
409,wilfred ndidi,21.0,38.0,37.0,8.0,0.05,0.0,36.6,1.53,0.25,1634.0,22.0,153.0,45.0,3900000,M
410,wilfried zaha,25.0,34.0,34.0,9.0,0.3,0.15,33.7,2.34,0.89,839.0,54.0,147.0,155.0,6760000.0,F
411,will hughes,23.0,32.0,31.0,5.0,0.07,0.15,26.9,1.15,0.3,773.0,28.0,108.0,23.0,1560000.0,M
412,will norris,24.0,1.0,0.0,0.0,0.0,0.0,0.0,0.0,0.0,0.0,0.0,0.0,0.0,156000.0,G
413,willian,29.0,32.0,26.0,2.0,0.13,0.26,23.3,2.66,0.94,1100.0,82.0,186.0,41.0,7200000,F
414,willy boly,27.0,36.0,36.0,2.0,0.11,0.0,35.2,0.63,0.17,1392.0,10.0,125.0,17.0,2080000.0,D
415,willy caballero,36.0,2.0,2.0,0.0,0.0,0.0,2.0,0.0,0.0,51.0,0.0,0.0,0.0,2080000.0,G
416,xande silva,21.0,1.0,0.0,0.0,0.0,0.0,0.2,10.0,0.0,3.0,1.0,0.0,0.0,NaN,F
417,xherdan shaqiri,26.0,24.0,11.0,2.0,0.51,0.25,11.8,2.2,0.85,545.0,19.0,80.0,8.0,4160000.0,F
418,yan valery,19.0,23.0,20.0,4.0,0.11,0.05,19.0,0.32,0.26,380.0,5.0,83.0,26.0,NaN,D
419,yerry mina,23.0,13.0,10.0,3.0,0.1,0.0,9.9,0.4,0.1,413.0,3.0,34.0,1.0,6240000.0,D
420,yoshinori muto,26.0,17.0,5.0,1.0,0.17,0.0,5.8,0.86,0.52,89.0,3.0,8.0,11.0,2808000.0,F
421,youri tielemans,21.0,13.0,13.0,2.0,0.25,0.33,12.1,2.49,0.83,542.0,19.0,71.0,13.0,NaN,M
422,yves bissouma,21.0,28.0,17.0,5.0,0.0,0.0,19.7,1.57,0.15,596.0,14.0,52.0,59.0,1300000.0,M