,index,Age,MP,Starts,CrdY,P90Gls,P90Ast,90s,Sh/90,SoT/90,TotPassAtt,KP,Prog,Touches,DribPl,Rec,Annual_Salary(GBP),Pos
0,aaron cresswell,28.0,20.0,18.0,1.0,0.0,0.06,17.7,0.62,0.0,1061.0,16.0,109.0,1246.0,8.0,710.0,2600000.0,D
1,aaron lennon,31.0,16.0,14.0,1.0,0.07,0.07,13.5,0.3,0.15,316.0,7.0,19.0,435.0,8.0,273.0,1820000.0,F
2,aaron ramsey,27.0,28.0,14.0,0.0,0.27,0.41,14.8,2.23,0.81,790.0,24.0,70.0,971.0,14.0,769.0,6240000.0,M
3,aaron wan-bissaka,20.0,35.0,35.0,4.0,0.0,0.09,34.8,0.26,0.0,1537.0,14.0,164.0,2097.0,78.0,933.0,780000.0,D
4,abdoulaye doucoure,25.0,35.0,34.0,7.0,0.15,0.18,34.0,1.53,0.47,1967.0,37.0,165.0,2324.0,44.0,1578.0,3640000.0,M
5,adam lallana,30.0,13.0,5.0,1.0,0.0,0.0,5.2,0.96,0.38,304.0,9.0,35.0,378.0,10.0,282.0,5720000.0,M
6,adam masina,24.0,14.0,11.0,5.0,0.0,0.09,11.2,0.27,0.0,565.0,2.0,67.0,692.0,6.0,330.0,1456000.0,D
7,adam smith,27.0,25.0,25.0,5.0,0.04,0.04,23.0,0.35,0.04,1072.0,10.0,116.0,1351.0,19.0,753.0,1820000.0,D
8,adama traore,22.0,29.0,8.0,1.0,0.1,0.1,10.0,1.9,0.7,334.0,17.0,45.0,524.0,63.0,371.0,2236000.0,F
9,ademola lookman,20.0,21.0,3.0,0.0,0.0,0.29,6.9,1.75,0.44,273.0,9.0,33.0,391.0,28.0,279.0,1196000.0,F
10,adrian mariappa,31.0,26.0,20.0,3.0,0.0,0.0,21.4,0.23,0.05,879.0,5.0,44.0,1115.0,2.0,672.0,780000.0,D
11,adrien silva,29.0,2.0,1.0,0.0,0.0,0.0,1.0,0.0,0.0,79.0,0.0,6.0,90.0,0.0,68.0,4160000.0,M
12,ainsley maitland-niles,20.0,16.0,11.0,2.0,0.09,0.09,11.0,0.55,0.27,571.0,6.0,73.0,721.0,19.0,411.0,1820000.0,D
13,alberto moreno,26.0,2.0,2.0,0.0,0.0,0.0,1.7,0.58,0.0,126.0,3.0,15.0,139.0,4.0,96.0,3380000.0,D
14,alex iwobi,22.0,35.0,22.0,0.0,0.14,0.27,21.9,1.6,0.64,1031.0,39.0,130.0,1302.0,58.0,1073.0,2600000.0,F
15,alex mccarthy,28.0,25.0,25.0,1.0,0.0,0.0,25.0,0.0,0.0,637.0,0.0,0.0,716.0,1.0,212.0,2600000.0,G
16,alex oxlade-chamberlain,24.0,2.0,0.0,0.0,0.0,0.0,0.2,4.29,4.29,14.0,1.0,6.0,19.0,1.0,16.0,6240000.0,M
17,alexander sorloth,22.0,12.0,0.0,0.0,0.0,0.0,2.1,1.95,0.97,62.0,3.0,5.0,89.0,1.0,61.0,1040000.0,F
18,alexandre lacazette,27.0,35.0,27.0,2.0,0.47,0.29,27.8,2.91,1.01,797.0,29.0,79.0,1168.0,53.0,893.0,9467273.0,F
19,alexis sanchez,29.0,20.0,9.0,3.0,0.1,0.31,9.8,1.84,0.92,409.0,20.0,51.0,525.0,21.0,416.0,18200000.0,F
20,alireza jahanbakhsh,24.0,19.0,12.0,2.0,0.0,0.0,11.3,1.94,0.62,306.0,4.0,32.0,480.0,22.0,298.0,2600000.0,F
21,alisson,25.0,38.0,38.0,1.0,0.0,0.0,38.0,0.0,0.0,1262.0,0.0,0.0,1341.0,1.0,671.0,4680000,G
22,alvaro morata,25.0,16.0,11.0,3.0,0.48,0.0,10.5,3.35,1.53,219.0,6.0,5.0,348.0,7.0,287.0,NaN,F
23,ander herrera,28.0,22.0,16.0,4.0,0.13,0.19,15.6,1.35,0.58,990.0,12.0,84.0,1191.0,16.0,846.0,5980000.0,M
24,andre gomes,25.0,27.0,24.0,7.0,0.05,0.05,22.0,1.0,0.23,1230.0,7.0,117.0,1460.0,37.0,1008.0,5800000.0,M
25,andre gray,27.0,29.0,13.0,2.0,0.46,0.13,15.2,2.44,0.99,255.0,13.0,12.0,415.0,13.0,325.0,3640000.0,F
26,andreas christensen,22.0,8.0,6.0,1.0,0.0,0.0,6.9,0.0,0.0,446.0,0.0,32.0,507.0,0.0,346.0,4160000.0,D
27,andreas pereira,22.0,15.0,6.0,5.0,0.15,0.15,6.7,1.2,0.3,360.0,9.0,38.0,430.0,10.0,308.0,1560000.0,M
28,andrew robertson,24.0,36.0,36.0,4.0,0.0,0.31,35.7,0.39,0.14,2797.0,52.0,321.0,3101.0,32.0,2155.0,2600000.0,D
29,andrew surman,31.0,18.0,16.0,2.0,0.0,0.0,16.0,0.56,0.06,839.0,9.0,85.0,954.0,4.0,652.0,1820000.0,M
30,andriy yarmolenko,28.0,9.0,5.0,2.0,0.39,0.0,5.1,1.76,0.59,214.0,5.0,20.0,268.0,4.0,215.0,5980000.0,F
31,andros townsend,27.0,38.0,34.0,1.0,0.18,0.12,33.4,1.85,0.51,1237.0,64.0,134.0,1689.0,79.0,1131.0,2860000.0,F
32,andy carroll,29.0,12.0,3.0,2.0,0.0,0.0,5.1,2.73,1.17,131.0,3.0,4.0,197.0,4.0,143.0,4680000.0,F
33,angel gomes,17.0,2.0,0.0,0.0,0.0,0.0,0.3,6.67,3.33,23.0,0.0,1.0,27.0,0.0,22.0,NaN,M
34,angelo ogbonna,30.0,24.0,20.0,2.0,0.05,0.05,20.8,0.62,0.24,787.0,4.0,34.0,1016.0,2.0,563.0,3640000.0,D
35,angus gunn,22.0,12.0,12.0,0.0,0.0,0.0,12.0,0.0,0.0,307.0,0.0,0.0,337.0,0.0,94.0,2080000.0,G
36,anthony knockaert,26.0,30.0,18.0,4.0,0.1,0.29,20.4,1.42,0.44,736.0,40.0,85.0,960.0,33.0,611.0,1820000.0,F
37,anthony martial,22.0,27.0,18.0,2.0,0.56,0.11,18.0,2.05,1.22,752.0,33.0,83.0,978.0,34.0,812.0,5720000.0,F
38,antonio barreca,23.0,1.0,0.0,0.0,0.0,0.0,0.1,0.0,0.0,3.0,0.0,1.0,3.0,0.0,3.0,NaN,D
39,antonio rudiger,25.0,33.0,33.0,7.0,0.03,0.0,31.9,0.88,0.22,2528.0,5.0,149.0,2762.0,5.0,2079.0,6000000.0,D
40,antonio valencia,32.0,6.0,5.0,2.0,0.0,0.0,5.2,0.39,0.0,321.0,7.0,40.0,360.0,3.0,244.0,4420000.0,D
41,arthur masuaku,24.0,23.0,19.0,2.0,0.0,0.05,19.5,0.2,0.05,1092.0,15.0,91.0,1309.0,30.0,730.0,2080000.0,D
42,artur boruc,38.0,12.0,12.0,2.0,0.0,0.0,12.0,0.0,0.0,350.0,0.0,0.0,377.0,0.0,103.0,2080000.0,G
43,ashley barnes,28.0,37.0,26.0,8.0,0.45,0.08,26.5,2.3,1.02,559.0,20.0,45.0,913.0,12.0,631.0,2080000.0,F
44,ashley westwood,28.0,34.0,31.0,5.0,0.06,0.22,31.4,0.7,0.22,1504.0,43.0,200.0,1775.0,11.0,1013.0,1612000.0,M
45,ashley young,33.0,30.0,28.0,9.0,0.07,0.07,28.5,0.42,0.11,1904.0,42.0,259.0,2172.0,23.0,1185.0,6240000.0,D
46,asmir begovic,31.0,24.0,24.0,0.0,0.0,0.0,24.0,0.0,0.0,633.0,0.0,1.0,700.0,0.0,208.0,3640000.0,G
47,aymeric laporte,24.0,35.0,34.0,3.0,0.09,0.09,34.0,0.79,0.21,3028.0,14.0,251.0,3275.0,3.0,2602.0,3380000.0,D
48,ayoze perez,25.0,37.0,34.0,2.0,0.37,0.06,32.4,1.64,0.8,812.0,38.0,68.0,1300.0,67.0,834.0,2340000.0,F
49,bakary sako,30.0,4.0,0.0,0.0,0.0,0.0,0.3,0.0,0.0,13.0,0.0,0.0,20.0,0.0,12.0,NaN,F
50,ben chilwell,21.0,36.0,36.0,4.0,0.0,0.11,36.0,0.56,0.28,2239.0,40.0,211.0,2714.0,44.0,1624.0,3380000.0,D
51,ben davies,25.0,27.0,20.0,2.0,0.0,0.0,20.5,0.73,0.05,1314.0,17.0,145.0,1532.0,5.0,946.0,3120000.0,D
52,ben foster,35.0,38.0,38.0,1.0,0.0,0.0,38.0,0.03,0.0,1242.0,7.0,2.0,1373.0,0.0,429.0,1560000.0,G
53,ben gibson,25.0,1.0,1.0,1.0,1.45,0.0,0.7,1.45,1.45,32.0,0.0,2.0,38.0,1.0,21.0,2080000.0,D
54,ben johnson,18.0,1.0,1.0,0.0,0.0,0.0,0.7,0.0,0.0,22.0,0.0,0.0,32.0,1.0,15.0,NaN,D
55,ben mee,28.0,38.0,38.0,9.0,0.0,0.05,38.0,0.61,0.16,1484.0,9.0,99.0,1965.0,9.0,955.0,2860000.0,D
56,ben wilmot,18.0,2.0,0.0,0.0,0.0,0.0,0.3,0.0,0.0,10.0,0.0,1.0,14.0,0.0,6.0,260000.0,M
57,benjamin mendy,24.0,10.0,10.0,1.0,0.0,0.5,10.0,0.7,0.2,791.0,12.0,113.0,875.0,15.0,603.0,4680000.0,D
58,beram kayal,30.0,18.0,9.0,4.0,0.1,0.1,10.4,0.38,0.1,292.0,5.0,29.0,429.0,8.0,211.0,1300000.0,M
59,bernard,25.0,34.0,25.0,5.0,0.04,0.13,23.5,1.02,0.21,867.0,40.0,91.0,1204.0,48.0,821.0,6240000,F
60,bernardo,23.0,22.0,19.0,4.0,0.0,0.05,19.5,0.41,0.15,1014.0,9.0,131.0,1268.0,16.0,593.0,1300000,D
61,bernardo silva,23.0,36.0,31.0,3.0,0.22,0.22,31.7,2.02,0.69,1798.0,70.0,168.0,2141.0,55.0,1628.0,6240000.0,M
62,bernd leno,26.0,32.0,31.0,0.0,0.0,0.0,31.5,0.0,0.0,1102.0,0.0,2.0,1193.0,0.0,521.0,5200000.0,G
63,bruno,37.0,14.0,14.0,2.0,0.0,0.08,12.6,0.16,0.0,634.0,6.0,75.0,726.0,8.0,414.0,NaN,D
64,bukayo saka,16.0,1.0,0.0,0.0,0.0,0.0,0.1,0.0,0.0,0.0,0.0,0.0,0.0,0.0,0.0,NaN,F
65,caglar soyuncu,22.0,6.0,4.0,1.0,0.0,0.0,4.1,0.48,0.24,215.0,0.0,16.0,264.0,4.0,163.0,2340000.0,D
66,callum hudson-odoi,17.0,10.0,4.0,0.0,0.0,0.23,4.4,1.37,0.69,236.0,8.0,16.0,287.0,11.0,239.0,NaN,F
67,callum slattery,19.0,3.0,1.0,0.0,0.0,0.0,1.2,1.61,0.0,32.0,0.0,3.0,55.0,1.0,29.0,NaN,M
68,callum wilson,26.0,30.0,29.0,3.0,0.5,0.32,28.1,2.24,0.96,456.0,28.0,45.0,765.0,27.0,580.0,2080000.0,F
69,carl jenkinson,26.0,3.0,2.0,0.0,0.0,0.0,1.8,0.0,0.0,92.0,0.0,4.0,106.0,0.0,67.0,2340000.0,D
70,carlos sanchez,32.0,7.0,2.0,0.0,0.0,0.0,2.7,1.1,0.0,140.0,2.0,10.0,157.0,6.0,105.0,2600000.0,M
71,cedric soares,26.0,18.0,16.0,4.0,0.06,0.12,16.6,0.6,0.18,822.0,13.0,91.0,974.0,9.0,529.0,3380000.0,D
72,cenk tosun,27.0,25.0,10.0,3.0,0.25,0.25,11.8,2.89,1.27,255.0,11.0,18.0,397.0,9.0,286.0,3120000.0,F
73,cesar azpilicueta,28.0,38.0,38.0,4.0,0.03,0.13,37.8,0.45,0.19,2892.0,25.0,231.0,3261.0,17.0,2144.0,4680000.0,D
74,cesc fabregas,31.0,6.0,1.0,1.0,0.0,0.0,2.0,0.5,0.0,193.0,3.0,19.0,217.0,0.0,177.0,8112000.0,M
75,charlie austin,29.0,25.0,11.0,1.0,0.18,0.18,10.9,3.02,0.73,208.0,9.0,9.0,345.0,8.0,243.0,3640000.0,F
76,charlie daniels,31.0,21.0,17.0,4.0,0.06,0.0,17.6,0.74,0.17,1019.0,11.0,112.0,1161.0,16.0,678.0,1820000.0,D
77,charlie taylor,24.0,38.0,35.0,2.0,0.0,0.03,36.0,0.17,0.0,1707.0,12.0,163.0,2150.0,43.0,1008.0,1300000.0,D
78,cheikhou kouyate,28.0,31.0,21.0,3.0,0.0,0.09,21.1,1.0,0.38,798.0,15.0,70.0,1034.0,20.0,601.0,3380000.0,M
79,chris mepham,20.0,13.0,10.0,1.0,0.0,0.11,9.4,0.21,0.0,391.0,0.0,22.0,508.0,5.0,290.0,607000.0,D
80,chris smalling,28.0,24.0,24.0,1.0,0.04,0.0,23.6,0.51,0.17,924.0,3.0,38.0,1185.0,1.0,668.0,4160000.0,D
81,chris wood,26.0,38.0,29.0,2.0,0.35,0.07,28.8,2.02,0.8,614.0,15.0,26.0,937.0,15.0,725.0,2600000.0,F
82,christian atsu,26.0,28.0,15.0,2.0,0.06,0.0,16.6,1.69,0.84,454.0,14.0,31.0,659.0,33.0,448.0,1560000.0,M
83,christian benteke,27.0,16.0,9.0,1.0,0.11,0.11,9.0,3.21,0.88,243.0,8.0,13.0,354.0,5.0,276.0,6240000.0,F
84,christian eriksen,26.0,35.0,30.0,3.0,0.26,0.39,30.8,2.73,1.01,1985.0,75.0,228.0,2294.0,23.0,1692.0,3900000.0,M
85,christian fuchs,32.0,3.0,2.0,0.0,0.0,0.0,2.3,0.87,0.0,158.0,6.0,30.0,181.0,1.0,107.0,2600000.0,D
86,christian kabasele,27.0,21.0,19.0,4.0,0.0,0.0,17.6,0.45,0.11,588.0,1.0,33.0,773.0,0.0,398.0,1560000.0,D
87,ciaran clark,28.0,11.0,9.0,1.0,0.31,0.0,9.5,0.73,0.31,302.0,3.0,19.0,394.0,0.0,193.0,1820000.0,D
88,connor wickham,25.0,6.0,0.0,0.0,0.0,1.34,0.7,6.72,1.34,13.0,1.0,1.0,31.0,0.0,20.0,3120000.0,F
89,conor coady,25.0,38.0,38.0,5.0,0.0,0.0,38.0,0.0,0.0,1677.0,0.0,61.0,1937.0,2.0,1267.0,780000.0,D
90,craig cathcart,29.0,36.0,35.0,2.0,0.09,0.0,34.4,0.47,0.17,1278.0,1.0,64.0,1606.0,3.0,874.0,1200000.0,D
91,dale stephens,29.0,30.0,29.0,6.0,0.04,0.04,27.6,0.36,0.07,1369.0,21.0,126.0,1609.0,11.0,1010.0,1560000.0,M
92,dan gosling,28.0,25.0,19.0,8.0,0.1,0.05,19.3,1.09,0.36,951.0,7.0,100.0,1169.0,8.0,751.0,1820000.0,M
93,daniel amartey,23.0,9.0,7.0,2.0,0.0,0.0,7.1,0.56,0.14,433.0,3.0,42.0,497.0,2.0,274.0,1092000.0,D
94,daniel sturridge,28.0,18.0,4.0,1.0,0.35,0.18,5.7,3.18,1.06,188.0,8.0,31.0,257.0,5.0,211.0,6760000.0,F
95,danilo,27.0,11.0,9.0,1.0,0.11,0.0,9.0,1.56,0.33,871.0,5.0,66.0,981.0,6.0,677.0,4160000,D
96,danny ings,26.0,24.0,23.0,1.0,0.38,0.16,18.3,2.83,1.04,417.0,25.0,42.0,641.0,37.0,463.0,3900000.0,F
97,danny rose,28.0,26.0,20.0,5.0,0.0,0.15,20.0,0.75,0.1,1173.0,26.0,130.0,1438.0,39.0,898.0,3120000.0,D
98,danny simpson,31.0,6.0,3.0,0.0,0.0,0.0,3.2,0.0,0.0,154.0,1.0,21.0,197.0,0.0,81.0,2340000.0,D
99,danny welbeck,27.0,8.0,1.0,0.0,0.59,0.59,1.7,2.35,1.18,54.0,7.0,11.0,78.0,3.0,56.0,6500000.0,F
100,daryl janmaat,29.0,18.0,17.0,3.0,0.0,0.12,16.9,0.65,0.06,795.0,10.0,105.0,964.0,13.0,484.0,2340000.0,D
101,david brooks,21.0,30.0,29.0,3.0,0.28,0.2,25.1,1.63,0.84,879.0,29.0,110.0,1243.0,49.0,870.0,1040000.0,M
102,david button,29.0,4.0,4.0,0.0,0.0,0.0,4.0,0.0,0.0,108.0,0.0,0.0,115.0,0.0,37.0,833333.0,G
103,david de gea,27.0,38.0,38.0,1.0,0.0,0.0,38.0,0.0,0.0,1087.0,1.0,1.0,1169.0,0.0,422.0,10400000.0,G
104,david luiz,31.0,36.0,36.0,3.0,0.08,0.06,36.0,0.92,0.22,2621.0,16.0,232.0,2937.0,8.0,2143.0,6240000.0,D
105,david silva,32.0,33.0,28.0,2.0,0.22,0.3,26.7,1.87,0.67,2083.0,73.0,204.0,2309.0,31.0,1911.0,11440000.0,M
106,davide zappacosta,26.0,4.0,1.0,0.0,0.0,0.0,1.4,1.41,0.7,91.0,1.0,7.0,110.0,4.0,70.0,3640000.0,D
107,davinson sanchez,22.0,23.0,22.0,2.0,0.05,0.05,21.6,0.56,0.14,1424.0,1.0,52.0,1659.0,0.0,1152.0,3380000.0,D
108,davy propper,26.0,30.0,30.0,2.0,0.04,0.04,28.3,0.53,0.07,1252.0,19.0,130.0,1527.0,40.0,975.0,2340000.0,M
109,deandre yedlin,25.0,29.0,28.0,6.0,0.04,0.07,27.5,0.4,0.07,1097.0,29.0,156.0,1382.0,10.0,635.0,1560000.0,D
110,declan rice,19.0,34.0,34.0,4.0,0.06,0.0,33.4,0.72,0.15,1570.0,9.0,85.0,1850.0,25.0,1078.0,156000.0,M
111,dejan lovren,29.0,13.0,11.0,1.0,0.09,0.0,11.0,0.55,0.09,809.0,1.0,29.0,939.0,0.0,655.0,5200000.0,D
112,dele alli,22.0,25.0,22.0,4.0,0.25,0.15,20.3,1.97,0.89,1050.0,28.0,99.0,1313.0,33.0,965.0,5200000.0,M
113,demarai gray,22.0,34.0,23.0,2.0,0.18,0.05,22.1,2.09,0.86,709.0,11.0,46.0,972.0,46.0,733.0,2860000.0,F
114,denis suarez,24.0,4.0,0.0,0.0,0.0,0.0,0.8,0.0,0.0,35.0,0.0,2.0,48.0,3.0,38.0,NaN,F
115,diego rico,25.0,12.0,5.0,1.0,0.0,0.0,6.8,1.32,0.0,382.0,11.0,67.0,468.0,6.0,233.0,1001000.0,D
116,diogo dalot,19.0,16.0,12.0,3.0,0.0,0.18,11.3,1.33,0.0,556.0,17.0,69.0,690.0,13.0,392.0,1300000.0,D
117,diogo jota,21.0,33.0,29.0,11.0,0.34,0.19,26.2,2.18,0.88,788.0,27.0,78.0,1170.0,65.0,870.0,2860000.0,F
118,divock origi,23.0,12.0,4.0,0.0,0.73,0.24,4.1,3.15,1.46,115.0,3.0,9.0,177.0,9.0,127.0,2340000.0,F
119,domingos quina,18.0,8.0,3.0,0.0,0.27,0.0,3.8,1.33,0.27,232.0,1.0,19.0,282.0,9.0,202.0,416000.0,M
120,dominic calvert-lewin,21.0,35.0,19.0,3.0,0.3,0.1,19.8,2.77,0.86,441.0,10.0,21.0,736.0,27.0,554.0,1040000.0,F
121,dominic solanke,20.0,10.0,2.0,0.0,0.0,0.26,3.9,2.33,0.78,101.0,8.0,6.0,175.0,9.0,119.0,1300000.0,F
122,dwight mcneil,18.0,21.0,19.0,2.0,0.17,0.28,17.7,1.58,0.34,584.0,27.0,69.0,793.0,36.0,478.0,NaN,M
123,eddie nketiah,19.0,5.0,0.0,0.0,1.34,0.0,0.7,4.03,1.34,20.0,1.0,2.0,35.0,2.0,26.0,NaN,M
124,eden hazard,27.0,37.0,32.0,2.0,0.49,0.46,32.5,2.77,1.2,1999.0,93.0,269.0,2461.0,143.0,2082.0,11700000.0,F
125,ederson,24.0,38.0,38.0,2.0,0.0,0.03,38.0,0.0,0.0,1071.0,3.0,3.0,1130.0,1.0,628.0,3380000,G
126,emerson hyndman,22.0,1.0,0.0,0.0,0.0,0.0,0.4,0.0,0.0,23.0,0.0,1.0,29.0,0.0,21.0,780000.0,M
127,emerson palmieri,23.0,10.0,7.0,0.0,0.0,0.0,7.4,0.68,0.14,518.0,4.0,37.0,599.0,11.0,422.0,2184000.0,D
128,eric bailly,24.0,12.0,8.0,0.0,0.0,0.0,7.1,0.42,0.14,310.0,0.0,10.0,385.0,2.0,233.0,4160000.0,D
129,eric dier,24.0,20.0,18.0,4.0,0.18,0.0,16.7,0.54,0.18,1058.0,8.0,78.0,1210.0,4.0,880.0,3120000.0,M
130,erik lamela,26.0,19.0,9.0,2.0,0.37,0.18,10.8,2.68,1.02,449.0,24.0,47.0,600.0,23.0,437.0,4160000.0,F
131,etienne capoue,30.0,33.0,33.0,14.0,0.03,0.09,32.7,0.52,0.09,1778.0,9.0,164.0,2128.0,32.0,1285.0,2080000.0,M
132,fabian balbuena,26.0,23.0,23.0,2.0,0.04,0.0,22.4,0.76,0.09,838.0,3.0,42.0,1125.0,2.0,584.0,2080000.0,D
133,fabian delph,28.0,11.0,8.0,1.0,0.0,0.12,8.1,0.5,0.37,758.0,3.0,63.0,824.0,6.0,613.0,4680000.0,D
134,fabian schar,26.0,24.0,22.0,12.0,0.18,0.05,22.2,1.04,0.32,1029.0,11.0,77.0,1383.0,13.0,765.0,2080000.0,D
135,fabinho,24.0,28.0,21.0,6.0,0.04,0.09,22.4,0.76,0.18,1631.0,16.0,135.0,1857.0,16.0,1349.0,5200000,M
136,federico fernandez,29.0,19.0,17.0,2.0,0.0,0.06,16.5,0.24,0.06,622.0,4.0,45.0,814.0,2.0,436.0,2236000.0,D
137,felipe anderson,25.0,36.0,36.0,3.0,0.27,0.12,33.8,1.72,0.71,1819.0,60.0,223.0,2299.0,89.0,1650.0,4420000.0,F
138,fernandinho,33.0,29.0,27.0,5.0,0.04,0.11,26.4,1.17,0.27,2068.0,24.0,218.0,2349.0,12.0,1760.0,7800000,M
139,fernando llorente,33.0,20.0,6.0,2.0,0.13,0.52,7.7,2.98,0.65,220.0,11.0,6.0,329.0,10.0,254.0,3900000.0,F
140,florian lejeune,27.0,12.0,12.0,0.0,0.0,0.0,11.7,0.51,0.17,554.0,3.0,33.0,694.0,3.0,395.0,1976000.0,D
141,florin andone,25.0,23.0,8.0,5.0,0.31,0.0,9.8,1.94,0.72,180.0,2.0,6.0,343.0,16.0,241.0,2080000.0,F
142,fousseni diabate,22.0,1.0,1.0,0.0,0.0,0.0,0.6,0.0,0.0,18.0,1.0,1.0,25.0,0.0,16.0,780000.0,F
143,fraser forster,30.0,1.0,1.0,0.0,0.0,0.0,1.0,0.0,0.0,23.0,0.0,0.0,27.0,0.0,7.0,3640000.0,G
144,fred,25.0,17.0,13.0,2.0,0.09,0.09,11.6,1.47,0.17,769.0,14.0,72.0,924.0,13.0,647.0,6240000,M
145,gabriel jesus,21.0,29.0,8.0,1.0,0.61,0.26,11.5,3.65,1.91,358.0,20.0,21.0,535.0,26.0,422.0,4680000.0,F
146,gaetan bong,30.0,22.0,19.0,0.0,0.0,0.0,20.1,0.1,0.0,879.0,8.0,116.0,1064.0,14.0,487.0,1040000.0,D
147,gary cahill,32.0,2.0,0.0,0.0,0.0,0.0,0.3,0.0,0.0,20.0,0.0,6.0,20.0,0.0,15.0,5200000.0,D
148,georges-kevin n'koudou,23.0,1.0,0.0,0.0,0.0,18.0,0.1,0.0,0.0,4.0,1.0,1.0,6.0,0.0,5.0,1820000,F
149,georginio wijnaldum,27.0,35.0,32.0,3.0,0.1,0.0,30.3,0.99,0.26,1778.0,21.0,131.0,2036.0,36.0,1546.0,3900000.0,M
150,gerard deulofeu,24.0,30.0,26.0,3.0,0.44,0.22,23.0,2.7,1.0,795.0,30.0,85.0,1075.0,46.0,802.0,3120000.0,F
151,glenn murray,34.0,38.0,30.0,5.0,0.47,0.04,27.9,1.83,0.57,633.0,11.0,36.0,941.0,16.0,731.0,1560000.0,F
152,gonzalo higuain,30.0,14.0,13.0,0.0,0.41,0.0,12.1,3.73,1.08,325.0,15.0,11.0,447.0,15.0,380.0,NaN,F
153,grady diangana,20.0,17.0,6.0,0.0,0.0,0.15,6.8,1.48,0.44,265.0,11.0,24.0,383.0,19.0,265.0,NaN,F
154,granit xhaka,25.0,29.0,29.0,10.0,0.14,0.07,27.8,1.08,0.4,2378.0,38.0,272.0,2645.0,16.0,1851.0,5200000.0,M
155,gylfi sigurdsson,28.0,38.0,36.0,3.0,0.38,0.17,34.6,2.34,0.84,1231.0,72.0,190.0,1613.0,42.0,996.0,5200000.0,M
156,hamza choudhury,20.0,9.0,7.0,0.0,0.0,0.0,6.6,0.61,0.3,238.0,4.0,18.0,318.0,2.0,175.0,416000.0,M
157,harry kane,25.0,28.0,27.0,5.0,0.63,0.15,26.9,3.6,1.56,575.0,29.0,81.0,935.0,45.0,743.0,10400000.0,F
158,harry maguire,25.0,31.0,31.0,6.0,0.1,0.0,28.8,1.01,0.38,1749.0,9.0,166.0,2066.0,17.0,1299.0,4680000.0,D
159,harry winks,22.0,26.0,17.0,4.0,0.06,0.0,17.7,0.51,0.11,1398.0,6.0,85.0,1531.0,18.0,1204.0,2600000.0,M
160,harvey barnes,20.0,16.0,11.0,0.0,0.09,0.18,11.2,3.5,0.99,344.0,16.0,35.0,485.0,21.0,378.0,NaN,F
161,hector bellerin,23.0,19.0,18.0,3.0,0.0,0.29,17.0,1.06,0.23,947.0,9.0,104.0,1094.0,19.0,697.0,5720000.0,D
162,helder costa,24.0,25.0,16.0,3.0,0.07,0.13,14.9,1.68,0.47,493.0,17.0,39.0,702.0,33.0,533.0,1690000.0,F
163,henrikh mkhitaryan,29.0,25.0,19.0,1.0,0.33,0.22,18.2,2.74,0.77,872.0,27.0,96.0,1137.0,27.0,776.0,9360000.0,F
164,hugo lloris,31.0,33.0,33.0,0.0,0.0,0.0,33.0,0.0,0.0,1169.0,1.0,0.0,1262.0,0.0,634.0,5200000.0,G
165,idrissa gana gueye,28.0,33.0,32.0,6.0,0.0,0.06,31.4,0.64,0.1,1758.0,19.0,171.0,2130.0,23.0,1302.0,3640000,M
166,ilkay gundogan,27.0,31.0,23.0,3.0,0.25,0.13,23.7,1.81,0.46,2095.0,43.0,201.0,2275.0,18.0,1806.0,6240000.0,M
167,isaac hayden,23.0,25.0,21.0,3.0,0.05,0.19,20.7,0.97,0.24,724.0,20.0,55.0,982.0,13.0,513.0,1144000.0,M
168,isaac success,22.0,30.0,9.0,4.0,0.09,0.09,11.7,2.4,0.94,369.0,19.0,35.0,555.0,18.0,442.0,1560000.0,F
169,issa diop,21.0,33.0,33.0,4.0,0.03,0.0,33.0,0.42,0.12,1141.0,2.0,64.0,1515.0,5.0,801.0,3484000.0,D
170,ivan cavaleiro,24.0,23.0,6.0,1.0,0.39,0.13,7.7,1.56,0.52,356.0,17.0,30.0,465.0,17.0,359.0,1450000.0,F
171,jack cork,29.0,37.0,37.0,6.0,0.03,0.05,36.8,0.41,0.05,1349.0,17.0,95.0,1683.0,29.0,996.0,1976000.0,M
172,jack simpson,21.0,6.0,4.0,0.0,0.0,0.0,4.5,0.45,0.22,225.0,1.0,10.0,298.0,0.0,171.0,156000.0,D
173,jack stephens,24.0,24.0,19.0,4.0,0.05,0.0,18.9,0.37,0.26,793.0,4.0,60.0,1004.0,4.0,501.0,2496000.0,D
174,jack wilshere,26.0,8.0,4.0,2.0,0.0,0.23,4.4,0.46,0.23,208.0,5.0,11.0,244.0,8.0,185.0,5200000.0,M
175,jacob murphy,23.0,9.0,3.0,0.0,0.0,0.3,3.4,0.6,0.3,71.0,1.0,9.0,112.0,3.0,58.0,1300000.0,M
176,jamaal lascelles,24.0,32.0,32.0,4.0,0.0,0.03,30.5,0.33,0.03,1087.0,2.0,53.0,1437.0,3.0,685.0,2080000.0,D
177,james garner,17.0,1.0,0.0,0.0,0.0,0.0,0.0,0.0,0.0,1.0,0.0,0.0,1.0,0.0,0.0,NaN,M
178,james maddison,21.0,36.0,35.0,4.0,0.22,0.22,31.5,2.61,0.86,1617.0,96.0,237.0,1961.0,46.0,1394.0,2860000.0,M
179,james mcarthur,30.0,38.0,36.0,7.0,0.09,0.18,34.0,1.0,0.24,1454.0,30.0,101.0,1863.0,30.0,1141.0,2860000.0,M
180,james mccarthy,27.0,1.0,0.0,0.0,0.0,0.0,0.2,0.0,0.0,8.0,0.0,0.0,10.0,0.0,4.0,2600000.0,M
181,james milner,32.0,31.0,19.0,6.0,0.25,0.2,19.9,1.06,0.2,1614.0,45.0,207.0,1825.0,18.0,1247.0,7280000.0,M
182,james tarkowski,25.0,35.0,35.0,8.0,0.09,0.03,34.3,0.7,0.23,1117.0,6.0,102.0,1622.0,9.0,703.0,2600000.0,D
183,james tomkins,29.0,29.0,29.0,5.0,0.04,0.04,28.4,0.81,0.25,1089.0,6.0,51.0,1429.0,1.0,803.0,2600000.0,D
184,james ward-prowse,23.0,26.0,21.0,4.0,0.32,0.0,21.6,1.39,0.65,913.0,44.0,88.0,1133.0,7.0,596.0,2340000.0,M
185,jamie vardy,31.0,34.0,30.0,3.0,0.59,0.13,30.3,2.48,1.06,443.0,29.0,38.0,700.0,21.0,490.0,7280000.0,F
186,jan bednarek,22.0,25.0,24.0,7.0,0.0,0.04,23.9,0.25,0.04,849.0,7.0,71.0,1180.0,2.0,471.0,1040000.0,D
187,jan vertonghen,31.0,22.0,22.0,4.0,0.05,0.0,21.2,0.75,0.09,1535.0,3.0,93.0,1749.0,10.0,1221.0,5200000.0,D
188,jannik vestergaard,25.0,23.0,23.0,2.0,0.0,0.0,22.5,0.58,0.04,887.0,6.0,73.0,1188.0,12.0,539.0,3120000.0,D
189,jason puncheon,32.0,5.0,0.0,0.0,0.0,0.0,0.1,0.0,0.0,11.0,1.0,0.0,14.0,0.0,8.0,1820000.0,M
190,javier hernandez,30.0,25.0,14.0,2.0,0.47,0.07,14.8,2.29,1.08,333.0,6.0,23.0,478.0,14.0,373.0,7280000,F
191,javier manquillo,24.0,18.0,12.0,2.0,0.0,0.25,12.2,0.16,0.08,517.0,8.0,77.0,672.0,6.0,303.0,1820000.0,D
192,jeff hendrick,26.0,32.0,25.0,4.0,0.13,0.0,22.9,0.83,0.26,697.0,15.0,59.0,902.0,18.0,557.0,1820000.0,M
193,jefferson lerma,23.0,30.0,29.0,12.0,0.07,0.0,27.8,1.19,0.29,1566.0,15.0,117.0,1884.0,28.0,1168.0,2600000.0,M
194,jeffrey schlupp,25.0,30.0,18.0,1.0,0.22,0.05,18.6,1.56,0.49,646.0,17.0,60.0,884.0,28.0,586.0,2912000.0,M
195,jermain defoe,35.0,4.0,0.0,0.0,0.0,0.0,0.3,3.6,3.6,0.0,0.0,0.0,2.0,0.0,1.0,3380000,D
196,jesse lingard,25.0,27.0,19.0,3.0,0.22,0.11,18.5,1.68,0.65,788.0,17.0,49.0,979.0,23.0,765.0,3900000.0,F
197,joao moutinho,31.0,38.0,35.0,4.0,0.03,0.24,33.7,0.53,0.09,2063.0,80.0,263.0,2383.0,15.0,1467.0,5200000,M
198,joe gomez,21.0,16.0,12.0,2.0,0.0,0.0,11.8,0.34,0.08,828.0,6.0,42.0,926.0,5.0,631.0,1560000.0,D
199,joe hart,31.0,19.0,19.0,0.0,0.0,0.0,19.0,0.0,0.0,580.0,1.0,4.0,661.0,0.0,197.0,2340000.0,G
200,joe willock,18.0,2.0,1.0,0.0,0.0,0.0,0.7,2.81,0.0,12.0,0.0,0.0,29.0,1.0,24.0,NaN,M
201,joel matip,26.0,22.0,17.0,3.0,0.06,0.0,17.1,0.47,0.12,1320.0,2.0,60.0,1500.0,5.0,1079.0,5200000.0,D
202,joel ward,28.0,7.0,6.0,1.0,0.16,0.0,6.1,0.33,0.16,256.0,3.0,28.0,331.0,2.0,140.0,1820000.0,D
203,johann berg gudmundsson,27.0,29.0,19.0,2.0,0.15,0.31,19.5,1.75,0.57,610.0,40.0,87.0,856.0,19.0,497.0,1560000.0,M
204,john ruddy,31.0,1.0,1.0,0.0,0.0,0.0,1.0,0.0,0.0,21.0,0.0,0.0,21.0,0.0,7.0,1820000.0,G
205,john stones,24.0,24.0,20.0,1.0,0.0,0.0,19.6,0.26,0.05,1741.0,5.0,86.0,1870.0,5.0,1504.0,5200000.0,D
206,jonjo shelvey,26.0,16.0,10.0,1.0,0.09,0.09,10.5,2.28,0.76,678.0,24.0,99.0,770.0,15.0,470.0,3640000.0,M
207,jonjoe kenny,21.0,10.0,8.0,1.0,0.0,0.11,8.8,0.34,0.0,575.0,5.0,81.0,675.0,10.0,346.0,780000.0,D
208,jonny castro,24.0,33.0,32.0,6.0,0.03,0.03,30.8,0.84,0.23,1394.0,25.0,107.0,1778.0,27.0,955.0,1907000.0,D
209,jonny evans,30.0,24.0,21.0,2.0,0.05,0.0,22.2,0.45,0.18,1013.0,4.0,35.0,1284.0,0.0,732.0,4160000.0,D
210,jordan ayew,26.0,20.0,14.0,3.0,0.08,0.15,13.1,1.98,0.23,273.0,13.0,16.0,493.0,25.0,330.0,NaN,F
211,jordan henderson,28.0,32.0,21.0,2.0,0.05,0.14,22.1,0.72,0.05,1799.0,14.0,148.0,1985.0,13.0,1481.0,7280000.0,M
212,jordan pickford,24.0,38.0,38.0,1.0,0.0,0.0,38.0,0.0,0.0,1250.0,1.0,1.0,1349.0,0.0,563.0,5200000.0,G
213,jordon ibe,22.0,19.0,9.0,1.0,0.11,0.11,8.9,1.02,0.34,285.0,10.0,44.0,386.0,25.0,284.0,1976000.0,M
214,jorginho,26.0,37.0,37.0,8.0,0.06,0.0,35.1,0.51,0.17,3032.0,29.0,317.0,3329.0,16.0,2612.0,5400000,M
215,jose holebas,34.0,28.0,27.0,12.0,0.11,0.23,26.6,0.64,0.23,1330.0,36.0,175.0,1617.0,25.0,618.0,1560000.0,D
216,jose izquierdo,26.0,15.0,9.0,1.0,0.0,0.11,8.8,1.7,0.45,210.0,5.0,18.0,320.0,13.0,196.0,2340000.0,M
217,joselu,28.0,16.0,5.0,1.0,0.3,0.0,6.6,2.42,0.76,195.0,1.0,12.0,286.0,7.0,207.0,2080000,F
218,josh sims,21.0,7.0,2.0,0.0,0.0,0.42,2.4,2.12,0.42,46.0,2.0,3.0,75.0,3.0,45.0,936000,F
219,joshua king,26.0,35.0,34.0,3.0,0.36,0.09,32.9,1.95,0.55,868.0,37.0,94.0,1360.0,79.0,1002.0,2340000.0,F
220,juan foyth,20.0,12.0,10.0,3.0,0.1,0.0,9.9,0.51,0.1,588.0,3.0,24.0,721.0,22.0,472.0,1118000.0,D
221,juan mata,30.0,22.0,16.0,3.0,0.21,0.14,14.3,1.33,0.42,766.0,29.0,84.0,873.0,13.0,659.0,8320000.0,F
222,julian speroni,39.0,1.0,1.0,0.0,0.0,0.0,1.0,0.0,0.0,36.0,0.0,0.0,41.0,0.0,8.0,1300000.0,G
223,junior stanislas,28.0,23.0,11.0,1.0,0.17,0.26,11.5,2.88,0.79,537.0,15.0,66.0,670.0,18.0,470.0,1820000.0,M
224,jurgen locadia,24.0,26.0,12.0,1.0,0.15,0.0,13.7,1.89,0.66,357.0,13.0,25.0,513.0,8.0,343.0,2340000.0,F
225,kasper schmeichel,31.0,38.0,38.0,3.0,0.0,0.0,38.0,0.03,0.0,1208.0,1.0,3.0,1304.0,2.0,538.0,6760000.0,G
226,kayne ramsey,17.0,1.0,1.0,0.0,0.0,0.0,1.0,0.0,0.0,18.0,0.0,0.0,27.0,0.0,8.0,NaN,D
227,kelechi iheanacho,21.0,30.0,9.0,2.0,0.1,0.29,10.5,1.82,0.57,288.0,14.0,22.0,387.0,11.0,308.0,3120000.0,F
228,ken sema,24.0,17.0,9.0,1.0,0.12,0.24,8.4,1.19,0.36,261.0,7.0,20.0,374.0,22.0,266.0,780000.0,F
229,kenedy,22.0,25.0,14.0,1.0,0.07,0.07,15.0,1.94,0.33,548.0,11.0,53.0,777.0,46.0,435.0,1300000,M
230,kepa arrizabalaga,23.0,36.0,36.0,2.0,0.0,0.0,36.0,0.0,0.0,1136.0,0.0,1.0,1208.0,1.0,623.0,7800000.0,G
231,kevin de bruyne,27.0,19.0,11.0,2.0,0.18,0.18,10.8,2.86,1.02,819.0,33.0,110.0,946.0,20.0,730.0,18200000.0,M
232,kevin long,27.0,6.0,5.0,0.0,0.0,0.18,5.7,0.18,0.0,177.0,0.0,10.0,240.0,0.0,114.0,1200000.0,D
233,ki sung-yueng,29.0,18.0,14.0,2.0,0.0,0.07,14.5,0.62,0.14,644.0,15.0,82.0,748.0,5.0,433.0,2080000.0,M
234,kieran trippier,27.0,27.0,26.0,2.0,0.04,0.12,25.3,0.32,0.12,2000.0,48.0,262.0,2237.0,10.0,1346.0,3380000.0,D
235,kiko femenia,27.0,29.0,22.0,1.0,0.04,0.04,22.8,0.31,0.13,1174.0,15.0,131.0,1392.0,17.0,793.0,1040000.0,D
236,konstantinos mavropanos,20.0,4.0,3.0,1.0,0.0,0.0,1.6,0.61,0.0,133.0,1.0,8.0,149.0,1.0,113.0,1300000.0,D
237,kurt zouma,23.0,32.0,29.0,4.0,0.07,0.07,29.0,0.59,0.14,1429.0,6.0,87.0,1746.0,5.0,1042.0,4000000.0,D
238,kyle walker,28.0,33.0,30.0,3.0,0.03,0.03,30.9,0.65,0.1,2655.0,24.0,189.0,2896.0,25.0,2128.0,5200000.0,D
239,kyle walker-peters,21.0,6.0,4.0,1.0,0.0,0.72,4.2,0.48,0.0,226.0,8.0,21.0,265.0,8.0,165.0,1040000.0,D
240,laurent koscielny,32.0,17.0,13.0,1.0,0.2,0.0,14.8,0.34,0.27,871.0,2.0,27.0,1034.0,1.0,698.0,4680000.0,D
241,leander dendoncker,23.0,19.0,17.0,1.0,0.12,0.0,16.3,0.98,0.55,625.0,7.0,37.0,808.0,12.0,504.0,1972000.0,M
242,leighton baines,33.0,6.0,5.0,0.0,0.0,0.0,4.2,0.48,0.24,261.0,4.0,43.0,288.0,0.0,163.0,3640000.0,D
243,leo bonatini,24.0,7.0,0.0,0.0,0.0,0.67,1.5,6.0,0.67,55.0,2.0,5.0,78.0,0.0,62.0,1820000.0,F
244,leon balogun,30.0,8.0,5.0,2.0,0.15,0.0,6.6,0.45,0.15,218.0,0.0,4.0,297.0,3.0,152.0,950000.0,D
245,leroy sane,22.0,31.0,21.0,1.0,0.48,0.48,20.7,2.7,1.16,954.0,36.0,93.0,1253.0,65.0,986.0,4680000.0,F
246,lewis cook,21.0,13.0,8.0,2.0,0.0,0.0,8.0,0.37,0.0,400.0,2.0,40.0,473.0,9.0,318.0,1820000.0,M
247,lewis dunk,26.0,36.0,36.0,6.0,0.06,0.03,35.0,0.63,0.11,1489.0,9.0,50.0,1904.0,1.0,1061.0,2340000.0,D
248,lucas digne,25.0,35.0,33.0,5.0,0.12,0.12,32.9,1.03,0.3,2059.0,70.0,293.0,2474.0,16.0,1205.0,4680000.0,D
249,lucas moura,25.0,32.0,25.0,3.0,0.42,0.0,23.6,1.91,0.85,745.0,27.0,61.0,1077.0,46.0,791.0,4160000.0,F
250,lucas perez,29.0,15.0,4.0,0.0,0.57,0.0,5.3,1.71,0.57,148.0,8.0,5.0,196.0,5.0,143.0,4160000.0,F
251,lucas torreira,22.0,34.0,24.0,7.0,0.08,0.08,26.5,0.91,0.23,1623.0,16.0,137.0,1917.0,23.0,1279.0,3900000.0,M
252,luka milivojevic,27.0,38.0,38.0,10.0,0.32,0.05,38.0,1.24,0.34,2140.0,59.0,248.0,2564.0,20.0,1486.0,2860000.0,M
253,lukasz fabianski,33.0,38.0,38.0,0.0,0.0,0.0,38.0,0.0,0.0,1204.0,3.0,0.0,1319.0,1.0,417.0,3380000.0,G
254,luke amos,21.0,1.0,0.0,0.0,0.0,0.0,0.0,0.0,0.0,2.0,0.0,0.0,4.0,0.0,1.0,NaN,M
255,luke dreher,19.0,1.0,0.0,0.0,0.0,0.0,0.0,0.0,0.0,3.0,0.0,0.0,3.0,0.0,3.0,NaN,M
256,luke shaw,23.0,29.0,29.0,11.0,0.03,0.14,28.8,0.69,0.21,1984.0,33.0,238.0,2265.0,30.0,1371.0,7800000.0,D
257,lys mousset,22.0,24.0,1.0,1.0,0.24,0.0,4.1,3.18,1.71,121.0,4.0,10.0,193.0,7.0,146.0,1040000.0,F
258,mamadou sakho,28.0,27.0,27.0,2.0,0.0,0.0,26.8,0.19,0.0,1285.0,7.0,100.0,1546.0,11.0,929.0,5200000.0,D
259,manolo gabbiadini,26.0,12.0,4.0,0.0,0.19,0.0,5.3,3.97,1.51,119.0,4.0,5.0,176.0,5.0,122.0,4160000.0,F
260,manuel lanzini,25.0,10.0,8.0,2.0,0.13,0.13,7.6,1.44,0.52,471.0,6.0,42.0,544.0,14.0,439.0,3640000.0,M
261,marc albrighton,28.0,27.0,18.0,3.0,0.11,0.11,18.1,1.05,0.39,776.0,30.0,101.0,991.0,24.0,676.0,2340000.0,F
262,marc navarro,23.0,2.0,1.0,0.0,0.0,0.0,0.9,0.0,0.0,34.0,0.0,2.0,44.0,1.0,19.0,1196000.0,D
263,marcos alonso,27.0,31.0,31.0,6.0,0.07,0.13,30.7,1.4,0.23,2226.0,31.0,175.0,2614.0,25.0,1706.0,5200000.0,D
264,marcos rojo,28.0,5.0,2.0,2.0,0.0,0.0,2.4,2.55,1.27,137.0,0.0,9.0,166.0,1.0,110.0,4160000.0,D
265,marcus rashford,20.0,33.0,26.0,3.0,0.39,0.23,25.9,3.2,1.54,728.0,38.0,75.0,1128.0,52.0,851.0,2340000.0,F
266,mario lemina,24.0,21.0,18.0,5.0,0.06,0.06,17.9,1.51,0.22,833.0,11.0,71.0,1049.0,29.0,680.0,3380000.0,M
267,mark noble,31.0,31.0,29.0,6.0,0.2,0.2,25.5,0.51,0.2,1533.0,21.0,163.0,1738.0,16.0,1287.0,2600000.0,M
268,mark travers,19.0,2.0,2.0,0.0,0.0,0.0,2.0,0.0,0.0,57.0,0.0,1.0,66.0,0.0,22.0,NaN,G
269,marko arnautovic,29.0,28.0,24.0,3.0,0.45,0.18,22.1,2.8,1.36,655.0,33.0,46.0,867.0,29.0,691.0,5200000.0,F
270,marouane fellaini,30.0,14.0,6.0,1.0,0.0,0.12,8.4,0.96,0.36,433.0,3.0,31.0,537.0,5.0,369.0,5200000.0,M
271,martin dubravka,29.0,38.0,38.0,1.0,0.0,0.0,38.0,0.0,0.0,1152.0,0.0,0.0,1254.0,1.0,438.0,1976000.0,G
272,martin kelly,28.0,13.0,12.0,2.0,0.0,0.0,12.3,0.24,0.08,346.0,1.0,17.0,505.0,0.0,242.0,1300000.0,D
273,martin montoya,27.0,25.0,24.0,4.0,0.0,0.04,24.1,0.33,0.04,1145.0,19.0,148.0,1401.0,15.0,717.0,2600000.0,D
274,mason greenwood,16.0,3.0,1.0,0.0,0.0,0.0,1.3,5.38,3.08,61.0,3.0,4.0,84.0,3.0,65.0,NaN,F
275,mason holgate,21.0,5.0,4.0,1.0,0.0,0.0,4.5,0.0,0.0,258.0,0.0,26.0,293.0,2.0,182.0,1300000.0,D
276,matej vydra,26.0,13.0,3.0,1.0,0.28,0.28,3.5,1.7,0.85,77.0,1.0,4.0,129.0,3.0,87.0,1820000.0,F
277,mateo kovacic,24.0,32.0,21.0,3.0,0.0,0.1,19.3,1.5,0.16,1485.0,25.0,100.0,1706.0,34.0,1418.0,3900000.0,M
278,mathew ryan,26.0,34.0,34.0,2.0,0.0,0.0,34.0,0.0,0.0,1017.0,0.0,0.0,1085.0,0.0,395.0,1820000.0,G
279,matt doherty,26.0,38.0,35.0,5.0,0.11,0.14,34.9,1.23,0.49,1828.0,41.0,294.0,2274.0,30.0,1294.0,520000.0,D
280,matt ritchie,28.0,36.0,35.0,9.0,0.06,0.25,32.5,1.2,0.22,1580.0,53.0,216.0,1943.0,17.0,1014.0,2340000.0,D
281,matt targett,22.0,16.0,13.0,2.0,0.08,0.23,13.2,0.83,0.23,688.0,22.0,107.0,834.0,2.0,423.0,1820000.0,D
282,matteo darmian,28.0,6.0,5.0,0.0,0.0,0.0,4.9,0.2,0.2,206.0,2.0,17.0,261.0,2.0,149.0,2340000.0,D
283,matteo guendouzi,19.0,33.0,23.0,9.0,0.0,0.0,23.9,0.63,0.13,1623.0,19.0,146.0,1855.0,33.0,1395.0,2080000.0,M
284,matthew lowton,29.0,21.0,19.0,7.0,0.0,0.0,19.4,0.26,0.0,910.0,8.0,131.0,1119.0,15.0,467.0,1300000.0,D
285,max kilman,21.0,1.0,0.0,0.0,0.0,0.0,0.0,0.0,0.0,0.0,0.0,0.0,0.0,0.0,0.0,NaN,D
286,max meyer,22.0,29.0,15.0,3.0,0.06,0.13,15.7,2.22,0.38,697.0,23.0,56.0,885.0,19.0,644.0,6500000.0,M
287,maya yoshida,29.0,17.0,17.0,0.0,0.0,0.06,16.9,0.77,0.18,543.0,6.0,33.0,768.0,2.0,343.0,2600000.0,D
288,mesut ozil,29.0,24.0,20.0,2.0,0.26,0.1,19.3,0.57,0.31,1179.0,46.0,147.0,1336.0,19.0,1106.0,18200000.0,M
289,michael keane,25.0,33.0,33.0,2.0,0.03,0.06,33.0,0.88,0.27,1558.0,8.0,108.0,1934.0,7.0,1106.0,3120000.0,D
290,michael obafemi,18.0,6.0,1.0,1.0,0.66,0.66,1.5,5.26,1.31,23.0,2.0,3.0,48.0,2.0,33.0,NaN,F
291,michail antonio,28.0,33.0,22.0,3.0,0.26,0.17,23.4,2.78,1.07,777.0,20.0,76.0,1225.0,63.0,849.0,3640000.0,F
292,michel vorm,34.0,2.0,2.0,0.0,0.0,0.0,2.0,0.0,0.0,59.0,0.0,0.0,66.0,0.0,32.0,2080000.0,G
293,michy batshuayi,24.0,11.0,9.0,0.0,0.6,0.0,8.3,3.12,1.2,162.0,1.0,7.0,252.0,14.0,174.0,5200000,F
294,miguel almiron,24.0,10.0,9.0,0.0,0.0,0.0,8.4,2.25,0.95,260.0,12.0,28.0,384.0,10.0,242.0,NaN,F
295,miguel britos,33.0,3.0,2.0,0.0,0.0,0.0,2.1,0.0,0.0,56.0,0.0,5.0,81.0,0.0,36.0,1300000.0,D
296,mohamed diame,31.0,29.0,24.0,3.0,0.0,0.0,24.1,0.87,0.12,741.0,1.0,45.0,1039.0,27.0,581.0,2340000.0,M
297,mohamed elneny,26.0,8.0,5.0,0.0,0.0,0.0,4.2,1.66,0.0,287.0,4.0,28.0,325.0,1.0,251.0,2600000.0,M
298,mohamed elyounoussi,23.0,16.0,8.0,0.0,0.0,0.0,8.8,2.16,0.68,270.0,13.0,27.0,383.0,12.0,232.0,3120000.0,M
299,mohamed salah,26.0,38.0,37.0,1.0,0.61,0.22,36.1,3.74,1.66,1150.0,68.0,158.0,1659.0,86.0,1301.0,10400000.0,F
300,morgan gibbs-white,18.0,26.0,5.0,1.0,0.0,0.14,7.4,1.09,0.14,336.0,12.0,23.0,416.0,15.0,315.0,78000.0,M
301,morgan schneiderlin,28.0,14.0,10.0,2.0,0.0,0.11,9.3,0.32,0.0,544.0,9.0,29.0,640.0,7.0,422.0,5200000.0,M
302,mousa dembele,31.0,10.0,7.0,1.0,0.0,0.0,5.7,0.17,0.0,308.0,0.0,23.0,359.0,7.0,233.0,NaN,M
303,moussa sissoko,28.0,29.0,27.0,2.0,0.0,0.12,25.9,0.58,0.12,1397.0,23.0,102.0,1643.0,49.0,1185.0,4160000.0,M
304,n'golo kante,27.0,36.0,36.0,3.0,0.12,0.12,34.4,0.84,0.17,2056.0,47.0,150.0,2443.0,36.0,1792.0,7500000.0,M
305,naby keita,23.0,25.0,16.0,0.0,0.13,0.06,15.4,1.81,0.58,1013.0,10.0,114.0,1227.0,30.0,958.0,6240000.0,M
306,nacho monreal,32.0,22.0,21.0,5.0,0.05,0.15,20.7,0.44,0.19,1296.0,11.0,101.0,1499.0,10.0,988.0,3640000.0,D
307,nampalys mendy,26.0,31.0,23.0,5.0,0.0,0.0,23.2,0.13,0.0,1106.0,6.0,80.0,1318.0,21.0,870.0,2600000.0,M
308,nathan ake,23.0,38.0,38.0,3.0,0.11,0.0,37.9,0.58,0.21,1701.0,5.0,91.0,2147.0,3.0,1283.0,2080000.0,D
309,nathan redmond,24.0,38.0,36.0,3.0,0.17,0.11,36.3,2.04,0.61,1215.0,55.0,111.0,1665.0,116.0,1231.0,3120000.0,F
310,nathaniel chalobah,23.0,9.0,3.0,2.0,0.0,0.0,3.0,0.67,0.33,121.0,0.0,11.0,156.0,1.0,88.0,1820000.0,M
311,nathaniel clyne,54.0,18.0,14.0,2.0,0.0,0.08,13.900000000000000,2.5900000000000000,0.0,672.0,5.0,86.0,809.0,6.0,417.0,3640000.0,D
312,nemanja matic,29.0,28.0,28.0,7.0,0.04,0.0,27.1,0.44,0.11,1797.0,14.0,152.0,2081.0,20.0,1410.0,6240000.0,M
313,nicolas otamendi,30.0,18.0,14.0,1.0,0.0,0.0,13.7,1.02,0.22,1243.0,2.0,54.0,1383.0,1.0,1081.0,6240000.0,D
314,oleksandr zinchenko,21.0,14.0,14.0,1.0,0.0,0.23,12.8,0.55,0.08,1338.0,12.0,117.0,1456.0,8.0,1066.0,1040000.0,D
315,oliver skipp,17.0,8.0,2.0,0.0,0.0,0.0,2.4,0.82,0.0,137.0,1.0,5.0,162.0,3.0,110.0,NaN,M
316,olivier giroud,31.0,27.0,7.0,1.0,0.21,0.43,9.4,3.29,1.06,251.0,16.0,12.0,345.0,2.0,293.0,6240000.0,F
317,oriol romeu,26.0,31.0,25.0,11.0,0.04,0.0,23.7,0.42,0.17,1116.0,7.0,130.0,1378.0,12.0,765.0,3380000.0,M
318,oumar niasse,28.0,5.0,0.0,0.0,0.0,0.0,0.7,4.29,1.43,22.0,1.0,3.0,41.0,2.0,37.0,2860000.0,F
319,pablo zabaleta,33.0,26.0,23.0,4.0,0.0,0.04,23.2,0.3,0.04,1146.0,7.0,145.0,1411.0,10.0,714.0,3900000.0,D
320,pape souare,28.0,1.0,0.0,0.0,0.0,0.0,0.0,0.0,0.0,3.0,0.0,0.0,4.0,0.0,3.0,1560000.0,D
321,pascal gross,27.0,25.0,24.0,1.0,0.14,0.14,20.7,1.01,0.34,948.0,53.0,118.0,1124.0,10.0,739.0,2600000.0,M
322,patrick van aanholt,27.0,36.0,36.0,3.0,0.08,0.06,35.5,1.24,0.34,1962.0,34.0,292.0,2298.0,28.0,1351.0,2860000.0,D
323,paul dummett,26.0,26.0,21.0,1.0,0.0,0.0,22.1,0.36,0.05,884.0,5.0,104.0,1140.0,3.0,537.0,1820000.0,D
324,paul pogba,25.0,35.0,34.0,6.0,0.39,0.27,33.4,2.87,1.14,2115.0,51.0,274.0,2601.0,62.0,2075.0,15080000.0,M
325,paulo gazzaniga,26.0,3.0,3.0,0.0,0.0,0.0,3.0,0.0,0.0,105.0,0.0,0.0,113.0,0.0,55.0,1040000.0,G
326,pedro,31.0,31.0,21.0,2.0,0.4,0.1,19.8,2.94,1.21,1135.0,27.0,77.0,1350.0,38.0,1122.0,3000000,F
327,pedro obiang,26.0,24.0,12.0,0.0,0.0,0.08,12.5,1.28,0.08,549.0,4.0,51.0,680.0,9.0,448.0,2860000.0,M
328,peter crouch,37.0,6.0,0.0,1.0,0.0,0.0,1.0,3.91,0.98,25.0,0.0,2.0,41.0,0.0,34.0,NaN,F
329,petr cech,36.0,7.0,7.0,0.0,0.0,0.0,6.5,0.0,0.0,242.0,0.0,0.0,275.0,1.0,130.0,5720000.0,G
330,phil bardsley,33.0,19.0,19.0,9.0,0.0,0.0,18.6,0.65,0.05,770.0,6.0,117.0,974.0,7.0,405.0,1300000.0,D
331,phil foden,18.0,13.0,3.0,0.0,0.27,0.0,3.7,3.76,1.61,235.0,8.0,19.0,279.0,9.0,228.0,624000.0,M
332,phil jagielka,35.0,7.0,4.0,0.0,0.27,0.0,3.7,0.27,0.27,177.0,1.0,6.0,219.0,0.0,125.0,2600000.0,D
333,phil jones,26.0,18.0,15.0,1.0,0.0,0.07,14.0,0.36,0.14,748.0,3.0,31.0,905.0,4.0,572.0,3900000.0,D
334,pierre hojbjerg,22.0,31.0,31.0,8.0,0.13,0.1,30.7,1.73,0.62,1824.0,27.0,165.0,2199.0,31.0,1429.0,2600000,M
335,pierre-emerick aubameyang,29.0,36.0,30.0,0.0,0.73,0.17,30.3,2.94,1.12,742.0,33.0,68.0,1074.0,32.0,831.0,10400000.0,F
336,rachid ghezzal,26.0,19.0,8.0,3.0,0.12,0.0,8.3,2.54,0.73,466.0,15.0,53.0,581.0,16.0,412.0,2340000,F
337,rafael camacho,18.0,1.0,0.0,0.0,0.0,0.0,0.0,0.0,0.0,0.0,0.0,0.0,1.0,0.0,0.0,NaN,D
338,raheem sterling,23.0,34.0,31.0,3.0,0.55,0.29,30.8,2.47,1.2,1337.0,58.0,100.0,1765.0,91.0,1453.0,9360000.0,F
339,raul jimenez,27.0,38.0,36.0,4.0,0.38,0.2,34.6,3.27,0.93,1072.0,42.0,81.0,1535.0,37.0,1133.0,2132000.0,F
340,ricardo pereira,24.0,35.0,35.0,7.0,0.06,0.17,34.7,0.75,0.26,1956.0,31.0,224.0,2464.0,72.0,1409.0,3640000.0,D
341,richarlison,21.0,35.0,32.0,5.0,0.44,0.03,29.6,2.94,0.91,837.0,17.0,76.0,1350.0,50.0,944.0,4680000,F
342,riyad mahrez,27.0,27.0,14.0,0.0,0.47,0.27,14.9,3.62,1.61,884.0,25.0,98.0,1069.0,33.0,832.0,6240000.0,F
343,rob holding,22.0,10.0,9.0,1.0,0.0,0.0,9.0,0.11,0.0,614.0,2.0,23.0,691.0,4.0,500.0,1300000.0,D
344,robbie brady,26.0,16.0,6.0,3.0,0.0,0.12,8.0,1.5,0.25,287.0,13.0,35.0,382.0,9.0,206.0,1820000.0,M
345,robert snodgrass,30.0,33.0,25.0,10.0,0.08,0.2,24.7,1.26,0.32,1156.0,61.0,138.0,1447.0,37.0,973.0,2080000.0,M
346,roberto firmino,26.0,34.0,31.0,0.0,0.41,0.21,29.0,2.52,1.07,1303.0,42.0,158.0,1647.0,60.0,1327.0,9360000.0,F
347,roberto pereyra,27.0,33.0,33.0,3.0,0.19,0.03,31.3,1.79,0.67,1187.0,38.0,125.0,1585.0,54.0,1109.0,2340000.0,F
348,romain saiss,28.0,19.0,12.0,7.0,0.16,0.0,12.8,0.86,0.39,706.0,3.0,59.0,908.0,5.0,528.0,1144000.0,M
349,romelu lukaku,25.0,32.0,22.0,4.0,0.51,0.0,23.7,2.49,1.39,583.0,24.0,49.0,826.0,27.0,653.0,9360000.0,F
350,ross barkley,24.0,27.0,13.0,1.0,0.22,0.36,13.8,2.75,0.58,973.0,21.0,66.0,1138.0,19.0,906.0,5000000.0,M
351,ruben loftus-cheek,22.0,24.0,6.0,0.0,0.54,0.18,11.1,2.43,0.72,624.0,17.0,51.0,781.0,29.0,607.0,1820000.0,M
352,ruben neves,21.0,35.0,34.0,8.0,0.12,0.09,33.4,2.13,0.45,1946.0,19.0,176.0,2326.0,14.0,1503.0,2600000.0,M
353,ruben vinagre,19.0,17.0,7.0,1.0,0.0,0.0,7.9,0.63,0.51,424.0,6.0,50.0,521.0,14.0,303.0,1560000.0,D
354,rui patricio,30.0,37.0,37.0,1.0,0.0,0.0,37.0,0.0,0.0,835.0,0.0,0.0,915.0,0.0,280.0,5200000.0,G
355,ryan bennett,28.0,34.0,34.0,12.0,0.03,0.0,34.0,0.44,0.09,1387.0,5.0,95.0,1709.0,1.0,980.0,1040000.0,D
356,ryan bertrand,28.0,24.0,24.0,8.0,0.04,0.0,24.0,0.62,0.08,1094.0,23.0,161.0,1316.0,11.0,688.0,3640000.0,D
357,ryan fraser,24.0,38.0,35.0,2.0,0.2,0.4,35.2,1.42,0.68,1505.0,87.0,225.0,1807.0,25.0,1274.0,1404000.0,M
358,ryan fredericks,25.0,15.0,12.0,5.0,0.08,0.0,12.1,0.41,0.17,548.0,3.0,48.0,697.0,8.0,359.0,2080000.0,D
359,sadio mane,26.0,36.0,35.0,2.0,0.64,0.03,34.2,2.57,1.23,1215.0,43.0,111.0,1682.0,67.0,1323.0,5200000.0,F
360,salomon rondon,28.0,32.0,30.0,1.0,0.38,0.24,28.9,3.08,1.0,772.0,30.0,55.0,1194.0,24.0,892.0,NaN,F
361,sam gallagher,22.0,4.0,0.0,0.0,0.0,0.0,0.4,0.0,0.0,8.0,0.0,0.0,15.0,0.0,9.0,2080000.0,F
362,sam surridge,20.0,2.0,0.0,0.0,0.0,0.0,0.1,13.85,6.92,5.0,1.0,0.0,8.0,0.0,7.0,NaN,F
363,sam vokes,28.0,20.0,10.0,0.0,0.3,0.0,10.2,2.26,0.69,259.0,6.0,21.0,366.0,3.0,306.0,1300000.0,F
364,samir nasri,31.0,5.0,3.0,0.0,0.0,0.73,2.7,1.1,0.0,155.0,6.0,13.0,167.0,2.0,145.0,NaN,M
365,scott dann,31.0,10.0,7.0,1.0,0.0,0.14,7.4,0.81,0.14,243.0,0.0,17.0,343.0,4.0,160.0,3120000.0,D
366,scott mctominay,21.0,16.0,9.0,1.0,0.21,0.0,9.6,1.56,0.62,455.0,1.0,28.0,557.0,4.0,383.0,520000.0,M
367,sead kolasinac,25.0,24.0,22.0,5.0,0.0,0.24,21.0,0.48,0.1,1227.0,32.0,117.0,1412.0,17.0,880.0,5200000.0,D
368,seamus coleman,29.0,29.0,29.0,1.0,0.07,0.07,28.4,0.46,0.18,1583.0,22.0,188.0,1894.0,26.0,1027.0,3640000.0,D
369,sean longstaff,20.0,9.0,8.0,2.0,0.13,0.0,7.6,1.05,0.26,295.0,5.0,27.0,381.0,5.0,202.0,36000,M
370,sebastian prodl,31.0,1.0,0.0,0.0,0.0,0.0,0.1,0.0,0.0,3.0,0.0,0.0,3.0,0.0,3.0,2340000.0,D
371,serge aurier,25.0,8.0,6.0,1.0,0.0,0.32,6.3,0.64,0.16,343.0,5.0,40.0,432.0,10.0,238.0,3640000.0,D
372,sergio aguero,30.0,33.0,31.0,4.0,0.77,0.29,27.3,4.32,1.5,785.0,34.0,68.0,1142.0,32.0,892.0,13000000.0,F
373,shane duffy,26.0,35.0,35.0,4.0,0.15,0.03,34.3,1.14,0.41,1268.0,6.0,33.0,1761.0,5.0,918.0,2080000.0,D
374,shane long,31.0,26.0,12.0,3.0,0.35,0.07,14.1,2.12,0.64,329.0,13.0,23.0,514.0,7.0,385.0,3120000.0,F
375,shinji okazaki,32.0,21.0,1.0,0.0,0.0,0.31,3.2,1.25,0.94,99.0,2.0,7.0,155.0,6.0,116.0,1820000.0,F
376,shkodran mustafi,26.0,31.0,31.0,9.0,0.07,0.0,29.0,0.65,0.31,1747.0,5.0,105.0,2128.0,12.0,1369.0,4680000.0,D
377,simon francis,33.0,17.0,13.0,1.0,0.0,0.15,13.7,0.22,0.07,815.0,11.0,94.0,966.0,4.0,540.0,1560000.0,D
378,sokratis papastathopoulos,30.0,25.0,25.0,12.0,0.04,0.08,24.4,0.41,0.04,1353.0,4.0,40.0,1610.0,8.0,1129.0,4784000.0,D
379,solly march,24.0,35.0,30.0,1.0,0.04,0.18,27.4,1.53,0.33,924.0,38.0,86.0,1252.0,48.0,812.0,1560000.0,F
380,son heung-min,26.0,31.0,23.0,2.0,0.53,0.26,22.7,3.31,1.24,772.0,31.0,71.0,1088.0,62.0,858.0,7280000,F
381,stefano okaka,28.0,2.0,0.0,1.0,0.0,0.0,0.3,7.5,0.0,13.0,2.0,1.0,21.0,1.0,13.0,1820000.0,F
382,stephan lichtsteiner,34.0,14.0,10.0,3.0,0.0,0.0,10.4,0.1,0.0,600.0,2.0,47.0,696.0,8.0,438.0,3900000.0,D
383,stephen ward,32.0,3.0,3.0,1.0,0.0,0.0,2.5,0.39,0.39,154.0,1.0,16.0,172.0,2.0,95.0,1456000.0,D
384,steve cook,27.0,31.0,31.0,3.0,0.03,0.03,31.0,0.71,0.26,1573.0,12.0,117.0,1954.0,4.0,1093.0,2340000.0,D
385,steven davis,33.0,3.0,1.0,0.0,0.0,0.92,1.1,0.0,0.0,69.0,3.0,7.0,81.0,0.0,50.0,3120000.0,M
386,steven defour,30.0,6.0,6.0,0.0,0.0,0.0,5.0,0.0,0.0,250.0,2.0,21.0,283.0,1.0,188.0,2340000.0,M
387,stuart armstrong,26.0,29.0,16.0,2.0,0.19,0.13,15.9,2.01,0.75,652.0,28.0,71.0,857.0,18.0,609.0,2600000.0,M
388,tahith chong,18.0,2.0,0.0,0.0,0.0,0.0,0.4,4.74,2.37,15.0,0.0,2.0,22.0,1.0,19.0,NaN,F
389,theo walcott,29.0,37.0,24.0,1.0,0.21,0.08,23.5,1.83,0.89,631.0,21.0,66.0,909.0,27.0,677.0,5200000.0,F
390,toby alderweireld,29.0,34.0,33.0,3.0,0.0,0.0,32.5,0.52,0.18,2342.0,7.0,133.0,2632.0,2.0,1899.0,4160000,D
391,tom cleverley,28.0,13.0,4.0,2.0,0.19,0.0,5.3,0.56,0.19,229.0,0.0,18.0,284.0,1.0,169.0,2600000.0,M
392,tom davies,20.0,16.0,10.0,3.0,0.0,0.0,10.9,0.64,0.18,525.0,5.0,51.0,651.0,12.0,418.0,1300000.0,M
393,tom heaton,32.0,19.0,19.0,3.0,0.0,0.0,19.0,0.05,0.0,586.0,2.0,8.0,635.0,1.0,189.0,2200000.0,G
394,trent alexander-arnold,19.0,29.0,27.0,3.0,0.04,0.44,27.4,1.06,0.33,2213.0,48.0,322.0,2492.0,23.0,1543.0,2600000,D
395,troy deeney,30.0,32.0,28.0,4.0,0.32,0.18,28.3,2.16,0.99,836.0,40.0,109.0,1158.0,10.0,856.0,3380000.0,F
396,tyreke johnson,19.0,1.0,0.0,0.0,0.0,0.0,0.0,0.0,0.0,0.0,0.0,0.0,0.0,0.0,0.0,NaN,F
397,tyrone mings,25.0,5.0,2.0,0.0,0.0,0.0,1.6,0.0,0.0,91.0,0.0,6.0,110.0,1.0,63.0,NaN,D
398,vicente guaita,31.0,20.0,20.0,2.0,0.0,0.0,19.5,0.0,0.0,592.0,1.0,0.0,638.0,0.0,178.0,3120000.0,G
399,vicente iborra,30.0,8.0,3.0,0.0,0.0,0.0,2.5,0.79,0.39,144.0,1.0,12.0,164.0,0.0,117.0,2860000.0,M
400,victor lindelof,24.0,30.0,29.0,1.0,0.03,0.03,28.9,0.24,0.03,1481.0,4.0,71.0,1724.0,7.0,1142.0,6240000.0,D
401,victor moses,27.0,2.0,0.0,0.0,0.0,0.0,0.3,0.0,0.0,14.0,0.0,1.0,21.0,0.0,16.0,3900000.0,F
402,victor wanyama,27.0,13.0,4.0,2.0,0.17,0.0,5.7,1.22,0.35,314.0,2.0,16.0,388.0,6.0,254.0,3380000.0,M
403,vincent janssen,24.0,3.0,0.0,0.0,0.0,0.0,0.4,6.92,4.62,10.0,0.0,0.0,17.0,0.0,13.0,1768000.0,F
404,vincent kompany,32.0,17.0,13.0,6.0,0.07,0.0,13.6,0.22,0.07,1212.0,3.0,68.0,1308.0,3.0,1053.0,6240000.0,D
405,virgil van dijk,27.0,38.0,38.0,1.0,0.11,0.05,37.6,0.85,0.21,2996.0,6.0,157.0,3376.0,8.0,2410.0,9360000.0,D
406,wayne hennessey,31.0,18.0,17.0,0.0,0.0,0.0,17.5,0.0,0.0,488.0,0.0,1.0,545.0,0.0,170.0,2080000.0,G
407,wes morgan,34.0,22.0,21.0,3.0,0.14,0.0,21.4,0.65,0.23,896.0,2.0,34.0,1121.0,3.0,634.0,3120000.0,D
408,wesley hoedt,24.0,13.0,13.0,2.0,0.0,0.0,13.0,0.46,0.08,642.0,1.0,36.0,780.0,6.0,447.0,3120000.0,D
409,wilfred ndidi,21.0,38.0,37.0,8.0,0.05,0.0,36.6,1.53,0.25,2035.0,22.0,153.0,2551.0,45.0,1533.0,3900000,M
410,wilfried zaha,25.0,34.0,34.0,9.0,0.3,0.15,33.7,2.34,0.89,1094.0,54.0,147.0,1723.0,155.0,1339.0,6760000.0,F
411,will hughes,23.0,32.0,31.0,5.0,0.07,0.15,26.9,1.15,0.3,1007.0,28.0,108.0,1414.0,23.0,921.0,1560000.0,M
412,will norris,24.0,1.0,0.0,0.0,0.0,0.0,0.0,0.0,0.0,0.0,0.0,0.0,0.0,0.0,0.0,156000.0,G
413,willian,29.0,32.0,26.0,2.0,0.13,0.26,23.3,2.66,0.94,1414.0,82.0,186.0,1699.0,41.0,1295.0,7200000,F
414,willy boly,27.0,36.0,36.0,2.0,0.11,0.0,35.2,0.63,0.17,1695.0,10.0,125.0,2149.0,17.0,1282.0,2080000.0,D
415,willy caballero,36.0,2.0,2.0,0.0,0.0,0.0,2.0,0.0,0.0,63.0,0.0,0.0,65.0,0.0,29.0,2080000.0,G
416,xande silva,21.0,1.0,0.0,0.0,0.0,0.0,0.2,10.0,0.0,5.0,1.0,0.0,9.0,0.0,6.0,NaN,F
417,xherdan shaqiri,26.0,24.0,11.0,2.0,0.51,0.25,11.8,2.2,0.85,695.0,19.0,80.0,819.0,8.0,624.0,4160000.0,F
418,yan valery,19.0,23.0,20.0,4.0,0.11,0.05,19.0,0.32,0.26,621.0,5.0,83.0,863.0,26.0,385.0,NaN,D
419,yerry mina,23.0,13.0,10.0,3.0,0.1,0.0,9.9,0.4,0.1,488.0,3.0,34.0,600.0,1.0,371.0,6240000.0,D
420,yoshinori muto,26.0,17.0,5.0,1.0,0.17,0.0,5.8,0.86,0.52,127.0,3.0,8.0,199.0,11.0,123.0,2808000.0,F
421,youri tielemans,21.0,13.0,13.0,2.0,0.25,0.33,12.1,2.49,0.83,645.0,19.0,71.0,781.0,13.0,587.0,NaN,M
422,yves bissouma,21.0,28.0,17.0,5.0,0.0,0.0,19.7,1.57,0.15,727.0,14.0,52.0,1025.0,59.0,636.0,1300000.0,M