,Age,MP,Starts,Min,Gls,Ast,CrdY,Shot,FK,TotPassCmpPerc,Prog,Att 3rd,DribSucc,DribPl,Rec
David de Gea,27.0,38.0,38.0,3420.0,0.0,0.0,1.0,0.0,0.0,65.5,1.0,1.0,0.0,0.0,422.0
Paul Pogba,25.0,35.0,34.0,3006.0,13.0,9.0,6.0,96.0,6.0,81.7,274.0,870.0,60.0,62.0,2075.0
Victor Lindelöf,24.0,30.0,29.0,2601.0,1.0,1.0,1.0,7.0,0.0,89.3,71.0,38.0,7.0,7.0,1142.0
Luke Shaw,23.0,29.0,29.0,2591.0,1.0,4.0,11.0,20.0,0.0,83.5,238.0,656.0,28.0,30.0,1371.0
Ashley Young,33.0,30.0,28.0,2569.0,2.0,2.0,9.0,12.0,2.0,72.5,259.0,649.0,22.0,23.0,1185.0
Nemanja Matić,29.0,28.0,28.0,2436.0,1.0,0.0,7.0,12.0,0.0,87.9,152.0,314.0,18.0,20.0,1410.0
Marcus Rashford,20.0,33.0,26.0,2334.0,10.0,6.0,3.0,83.0,12.0,73.9,75.0,660.0,48.0,52.0,851.0
Chris Smalling,28.0,24.0,24.0,2127.0,1.0,0.0,1.0,12.0,0.0,86.6,38.0,42.0,1.0,1.0,668.0
Romelu Lukaku,25.0,32.0,22.0,2136.0,12.0,0.0,4.0,59.0,0.0,65.0,49.0,467.0,26.0,27.0,653.0
Jesse Lingard,25.0,27.0,19.0,1663.0,4.0,2.0,3.0,31.0,0.0,84.8,49.0,449.0,19.0,23.0,765.0
Anthony Martial,22.0,27.0,18.0,1621.0,10.0,2.0,2.0,37.0,0.0,76.5,83.0,575.0,31.0,34.0,812.0
Ander Herrera,28.0,22.0,16.0,1403.0,2.0,3.0,4.0,21.0,0.0,87.3,84.0,255.0,16.0,16.0,846.0
Juan Mata,30.0,22.0,16.0,1289.0,3.0,2.0,3.0,19.0,3.0,80.7,84.0,406.0,12.0,13.0,659.0
Phil Jones,26.0,18.0,15.0,1263.0,0.0,1.0,1.0,5.0,0.0,92.5,31.0,27.0,4.0,4.0,572.0
Fred,25.0,17.0,13.0,1041.0,1.0,1.0,2.0,17.0,1.0,85.3,72.0,171.0,11.0,13.0,647.0
Diogo Dalot,19.0,16.0,12.0,1013.0,0.0,2.0,3.0,15.0,0.0,71.0,69.0,249.0,12.0,13.0,392.0
Alexis Sánchez,29.0,20.0,9.0,880.0,1.0,3.0,3.0,18.0,2.0,71.4,51.0,272.0,20.0,21.0,416.0
Scott McTominay,21.0,16.0,9.0,867.0,2.0,0.0,1.0,15.0,0.0,85.1,28.0,78.0,2.0,4.0,383.0
Eric Bailly,24.0,12.0,8.0,638.0,0.0,0.0,0.0,3.0,0.0,86.1,10.0,10.0,2.0,2.0,233.0
Marouane Fellaini,30.0,14.0,6.0,752.0,0.0,1.0,1.0,8.0,0.0,80.1,31.0,118.0,4.0,5.0,369.0
Andreas Pereira,22.0,15.0,6.0,599.0,1.0,1.0,5.0,8.0,1.0,82.5,38.0,106.0,10.0,10.0,308.0
Antonio Valencia,32.0,6.0,5.0,466.0,0.0,0.0,2.0,2.0,0.0,85.7,40.0,99.0,3.0,3.0,244.0
Matteo Darmian,28.0,6.0,5.0,443.0,0.0,0.0,0.0,1.0,0.0,85.4,17.0,64.0,1.0,2.0,149.0
Marcos Rojo,28.0,5.0,2.0,212.0,0.0,0.0,2.0,6.0,1.0,72.3,9.0,21.0,1.0,1.0,110.0
Mason Greenwood,16.0,3.0,1.0,117.0,0.0,0.0,0.0,7.0,0.0,83.6,4.0,52.0,3.0,3.0,65.0
Tahith Chong,18.0,2.0,0.0,38.0,0.0,0.0,0.0,2.0,0.0,86.7,2.0,14.0,1.0,1.0,19.0
Angel Gomes,17.0,2.0,0.0,27.0,0.0,0.0,0.0,2.0,0.0,87.0,1.0,12.0,0.0,0.0,22.0
James Garner,17.0,1.0,0.0,1.0,0.0,0.0,0.0,0.0,0.0,0.0,0.0,0.0,0.0,0.0,0.0
Ederson,24.0,38.0,38.0,3420.0,0.0,1.0,2.0,0.0,0.0,85.7,3.0,0.0,1.0,1.0,628.0
Aymeric Laporte,24.0,35.0,34.0,3057.0,3.0,3.0,3.0,27.0,0.0,92.2,251.0,208.0,2.0,3.0,2602.0
Bernardo Silva,23.0,36.0,31.0,2854.0,7.0,7.0,3.0,64.0,0.0,84.1,168.0,1141.0,50.0,55.0,1628.0
Raheem Sterling,23.0,34.0,31.0,2771.0,17.0,9.0,3.0,76.0,1.0,82.2,100.0,1237.0,86.0,91.0,1453.0
Sergio Agüero,30.0,33.0,31.0,2459.0,21.0,8.0,4.0,118.0,3.0,84.7,68.0,779.0,29.0,32.0,892.0
Kyle Walker,28.0,33.0,30.0,2779.0,1.0,1.0,3.0,20.0,1.0,88.0,189.0,753.0,23.0,25.0,2128.0
David Silva,32.0,33.0,28.0,2401.0,6.0,8.0,2.0,50.0,4.0,85.6,204.0,1174.0,27.0,31.0,1911.0
Fernandinho,33.0,29.0,27.0,2377.0,1.0,3.0,5.0,31.0,0.0,87.2,218.0,447.0,8.0,12.0,1760.0
İlkay Gündoğan,27.0,31.0,23.0,2137.0,6.0,3.0,3.0,43.0,2.0,87.7,201.0,824.0,17.0,18.0,1806.0
Leroy Sané,22.0,31.0,21.0,1867.0,10.0,10.0,1.0,56.0,5.0,78.6,93.0,932.0,60.0,65.0,986.0
John Stones,24.0,24.0,20.0,1764.0,0.0,0.0,1.0,5.0,0.0,94.5,86.0,118.0,5.0,5.0,1504.0
Riyad Mahrez,27.0,27.0,14.0,1343.0,7.0,4.0,0.0,54.0,1.0,81.1,98.0,654.0,31.0,33.0,832.0
Nicolás Otamendi,30.0,18.0,14.0,1236.0,0.0,0.0,1.0,14.0,0.0,93.0,54.0,59.0,1.0,1.0,1081.0
Oleksandr Zinchenko,21.0,14.0,14.0,1151.0,0.0,3.0,1.0,7.0,0.0,90.3,117.0,525.0,7.0,8.0,1066.0
Vincent Kompany,32.0,17.0,13.0,1224.0,1.0,0.0,6.0,3.0,0.0,93.0,68.0,42.0,3.0,3.0,1053.0
Kevin De Bruyne,27.0,19.0,11.0,975.0,2.0,2.0,2.0,31.0,3.0,76.3,110.0,516.0,17.0,20.0,730.0
Benjamin Mendy,24.0,10.0,10.0,900.0,0.0,5.0,1.0,7.0,0.0,84.5,113.0,345.0,12.0,15.0,603.0
Danilo,27.0,11.0,9.0,807.0,1.0,0.0,1.0,14.0,0.0,88.1,66.0,315.0,6.0,6.0,677.0
Gabriel Jesus,21.0,29.0,8.0,1036.0,7.0,3.0,1.0,42.0,0.0,82.7,21.0,326.0,23.0,26.0,422.0
Fabian Delph,28.0,11.0,8.0,725.0,0.0,1.0,1.0,4.0,0.0,91.3,63.0,191.0,6.0,6.0,613.0
Phil Foden,18.0,13.0,3.0,335.0,1.0,0.0,0.0,14.0,0.0,86.0,19.0,142.0,9.0,9.0,228.0
Alisson,25.0,38.0,38.0,3420.0,0.0,0.0,1.0,0.0,0.0,82.3,0.0,0.0,1.0,1.0,671.0
Virgil van Dijk,27.0,38.0,38.0,3384.0,4.0,2.0,1.0,32.0,1.0,90.4,157.0,126.0,7.0,8.0,2410.0
Mohamed Salah,26.0,38.0,37.0,3250.0,22.0,8.0,1.0,135.0,3.0,75.1,158.0,1173.0,79.0,86.0,1301.0
Andrew Robertson,24.0,36.0,36.0,3216.0,0.0,11.0,4.0,14.0,0.0,81.6,321.0,1041.0,30.0,32.0,2155.0
Sadio Mané,26.0,36.0,35.0,3077.0,22.0,1.0,2.0,88.0,0.0,76.7,111.0,962.0,61.0,67.0,1323.0
Georginio Wijnaldum,27.0,35.0,32.0,2725.0,3.0,0.0,3.0,30.0,0.0,91.1,131.0,439.0,33.0,36.0,1546.0
Roberto Firmino,26.0,34.0,31.0,2607.0,12.0,6.0,0.0,73.0,0.0,81.0,158.0,830.0,54.0,60.0,1327.0
Trent Alexander-Arnold,19.0,29.0,27.0,2462.0,1.0,12.0,3.0,29.0,9.0,74.3,322.0,862.0,20.0,23.0,1543.0
Fabinho,24.0,28.0,21.0,2017.0,1.0,2.0,6.0,17.0,0.0,86.0,135.0,324.0,14.0,16.0,1349.0
Jordan Henderson,28.0,32.0,21.0,1987.0,1.0,3.0,2.0,16.0,0.0,86.2,148.0,402.0,9.0,13.0,1481.0
James Milner,32.0,31.0,19.0,1789.0,5.0,4.0,6.0,21.0,1.0,80.5,207.0,622.0,17.0,18.0,1247.0
Joël Matip,26.0,22.0,17.0,1537.0,1.0,0.0,3.0,8.0,0.0,87.7,60.0,72.0,5.0,5.0,1079.0
Naby Keïta,23.0,25.0,16.0,1390.0,2.0,1.0,0.0,28.0,0.0,88.6,114.0,414.0,26.0,30.0,958.0
Joe Gomez,21.0,16.0,12.0,1063.0,0.0,0.0,2.0,4.0,0.0,85.1,42.0,59.0,4.0,5.0,631.0
Xherdan Shaqiri,26.0,24.0,11.0,1064.0,6.0,3.0,2.0,26.0,5.0,78.4,80.0,380.0,8.0,8.0,624.0
Dejan Lovren,29.0,13.0,11.0,986.0,1.0,0.0,1.0,6.0,0.0,88.5,29.0,20.0,0.0,0.0,655.0
Adam Lallana,30.0,13.0,5.0,468.0,0.0,0.0,1.0,5.0,0.0,83.2,35.0,175.0,9.0,10.0,282.0
Daniel Sturridge,28.0,18.0,4.0,509.0,2.0,1.0,1.0,18.0,0.0,78.7,31.0,130.0,5.0,5.0,211.0
Divock Origi,23.0,12.0,4.0,371.0,3.0,1.0,0.0,13.0,1.0,67.0,9.0,98.0,8.0,9.0,127.0
Alberto Moreno,26.0,2.0,2.0,154.0,0.0,0.0,0.0,1.0,0.0,87.3,15.0,39.0,4.0,4.0,96.0
Nathaniel Clyne,27.0,4.0,1.0,111.0,0.0,0.0,0.0,3.0,0.0,81.0,10.0,34.0,0.0,0.0,58.0
Alex Oxlade-Chamberlain,24.0,2.0,0.0,21.0,0.0,0.0,0.0,1.0,0.0,85.7,6.0,5.0,1.0,1.0,16.0
Rafael Camacho,18.0,1.0,0.0,1.0,0.0,0.0,0.0,0.0,0.0,,0.0,0.0,0.0,0.0,0.0
César Azpilicueta,28.0,38.0,38.0,3402.0,1.0,5.0,4.0,17.0,0.0,85.4,231.0,904.0,16.0,17.0,2144.0
Jorginho,26.0,37.0,37.0,3156.0,2.0,0.0,8.0,18.0,0.0,89.1,317.0,682.0,15.0,16.0,2612.0
Kepa Arrizabalaga,23.0,36.0,36.0,3240.0,0.0,0.0,2.0,0.0,0.0,85.7,1.0,0.0,1.0,1.0,623.0
David Luiz,31.0,36.0,36.0,3238.0,3.0,2.0,3.0,33.0,9.0,87.5,232.0,137.0,8.0,8.0,2143.0
N'Golo Kanté,27.0,36.0,36.0,3092.0,4.0,4.0,3.0,29.0,0.0,87.8,150.0,920.0,32.0,36.0,1792.0
Antonio Rüdiger,25.0,33.0,33.0,2871.0,1.0,0.0,7.0,28.0,0.0,91.4,149.0,76.0,4.0,5.0,2079.0
Eden Hazard,27.0,37.0,32.0,2923.0,16.0,15.0,2.0,90.0,2.0,79.8,269.0,1673.0,134.0,143.0,2082.0
Marcos Alonso,27.0,31.0,31.0,2759.0,2.0,4.0,6.0,43.0,8.0,82.6,175.0,903.0,22.0,25.0,1706.0
Willian,29.0,32.0,26.0,2097.0,3.0,6.0,2.0,62.0,8.0,77.8,186.0,1008.0,37.0,41.0,1295.0
Pedro,31.0,31.0,21.0,1778.0,8.0,2.0,2.0,58.0,0.0,83.7,77.0,714.0,38.0,38.0,1122.0
Mateo Kovačić,24.0,32.0,21.0,1735.0,0.0,2.0,3.0,29.0,0.0,91.2,100.0,595.0,34.0,34.0,1418.0
Ross Barkley,24.0,27.0,13.0,1245.0,3.0,5.0,1.0,38.0,1.0,90.5,66.0,363.0,19.0,19.0,906.0
Gonzalo Higuaín,30.0,14.0,13.0,1085.0,5.0,0.0,0.0,45.0,0.0,77.8,11.0,272.0,14.0,15.0,380.0
Álvaro Morata,25.0,16.0,11.0,941.0,5.0,0.0,3.0,35.0,0.0,78.1,5.0,180.0,7.0,7.0,287.0
Olivier Giroud,31.0,27.0,7.0,847.0,2.0,4.0,1.0,31.0,0.0,69.3,12.0,201.0,2.0,2.0,293.0
Emerson Palmieri,23.0,10.0,7.0,663.0,0.0,0.0,0.0,5.0,2.0,87.1,37.0,251.0,10.0,11.0,422.0
Ruben Loftus-Cheek,22.0,24.0,6.0,998.0,6.0,2.0,0.0,27.0,0.0,88.0,51.0,343.0,27.0,29.0,607.0
Andreas Christensen,22.0,8.0,6.0,617.0,0.0,0.0,1.0,0.0,0.0,93.3,32.0,7.0,0.0,0.0,346.0
Callum Hudson-Odoi,17.0,10.0,4.0,393.0,0.0,1.0,0.0,6.0,0.0,81.4,16.0,167.0,11.0,11.0,239.0
Willy Caballero,36.0,2.0,2.0,180.0,0.0,0.0,0.0,0.0,0.0,81.0,0.0,0.0,0.0,0.0,29.0
Cesc Fàbregas,31.0,6.0,1.0,180.0,0.0,0.0,1.0,1.0,0.0,85.5,19.0,47.0,0.0,0.0,177.0
Davide Zappacosta,26.0,4.0,1.0,128.0,0.0,0.0,0.0,2.0,0.0,84.6,7.0,34.0,4.0,4.0,70.0
Victor Moses,27.0,2.0,0.0,28.0,0.0,0.0,0.0,0.0,0.0,78.6,1.0,12.0,0.0,0.0,16.0
Gary Cahill,32.0,2.0,0.0,24.0,0.0,0.0,0.0,0.0,0.0,90.0,6.0,0.0,0.0,0.0,15.0
Hugo Lloris,31.0,33.0,33.0,2970.0,0.0,0.0,0.0,0.0,0.0,76.1,0.0,0.0,0.0,0.0,634.0
Toby Alderweireld,29.0,34.0,33.0,2922.0,0.0,0.0,3.0,17.0,0.0,88.3,133.0,115.0,2.0,2.0,1899.0
Christian Eriksen,26.0,35.0,30.0,2774.0,8.0,12.0,3.0,84.0,12.0,77.6,228.0,931.0,21.0,23.0,1692.0
Harry Kane,25.0,28.0,27.0,2424.0,17.0,4.0,5.0,97.0,4.0,73.6,81.0,511.0,43.0,45.0,743.0
Moussa Sissoko,28.0,29.0,27.0,2330.0,0.0,3.0,2.0,15.0,0.0,86.3,102.0,412.0,45.0,49.0,1185.0
Kieran Trippier,27.0,27.0,26.0,2276.0,1.0,3.0,2.0,8.0,4.0,75.8,262.0,818.0,9.0,10.0,1346.0
Lucas Moura,25.0,32.0,25.0,2121.0,10.0,0.0,3.0,45.0,0.0,75.3,61.0,552.0,44.0,46.0,791.0
Son Heung-min,26.0,31.0,23.0,2039.0,12.0,6.0,2.0,75.0,1.0,83.7,71.0,662.0,55.0,62.0,858.0
Davinson Sánchez,22.0,23.0,22.0,1942.0,1.0,1.0,2.0,12.0,0.0,90.5,52.0,39.0,0.0,0.0,1152.0
Jan Vertonghen,31.0,22.0,22.0,1911.0,1.0,0.0,4.0,16.0,0.0,87.2,93.0,210.0,9.0,10.0,1221.0
Dele Alli,22.0,25.0,22.0,1825.0,5.0,3.0,4.0,40.0,1.0,80.3,99.0,567.0,28.0,33.0,965.0
Ben Davies,25.0,27.0,20.0,1844.0,0.0,0.0,2.0,15.0,0.0,81.5,145.0,400.0,4.0,5.0,946.0
Danny Rose,28.0,26.0,20.0,1798.0,0.0,3.0,5.0,15.0,0.0,74.1,130.0,534.0,35.0,39.0,898.0
Eric Dier,24.0,20.0,18.0,1506.0,3.0,0.0,4.0,9.0,0.0,84.1,78.0,137.0,4.0,4.0,880.0
Harry Winks,22.0,26.0,17.0,1597.0,1.0,0.0,4.0,9.0,0.0,92.0,85.0,266.0,16.0,18.0,1204.0
Juan Foyth,20.0,12.0,10.0,888.0,1.0,0.0,3.0,5.0,0.0,86.1,24.0,52.0,22.0,22.0,472.0
Érik Lamela,26.0,19.0,9.0,974.0,4.0,2.0,2.0,29.0,1.0,82.0,47.0,342.0,21.0,23.0,437.0
Mousa Dembélé,31.0,10.0,7.0,515.0,0.0,0.0,1.0,1.0,0.0,90.3,23.0,34.0,6.0,7.0,233.0
Fernando Llorente,33.0,20.0,6.0,694.0,1.0,4.0,2.0,23.0,0.0,69.1,6.0,171.0,9.0,10.0,254.0
Serge Aurier,25.0,8.0,6.0,564.0,0.0,2.0,1.0,4.0,0.0,73.8,40.0,146.0,8.0,10.0,238.0
Victor Wanyama,27.0,13.0,4.0,516.0,1.0,0.0,2.0,7.0,0.0,82.5,16.0,72.0,5.0,6.0,254.0
Kyle Walker-Peters,21.0,6.0,4.0,376.0,0.0,3.0,1.0,2.0,0.0,82.3,21.0,98.0,7.0,8.0,165.0
Paulo Gazzaniga,26.0,3.0,3.0,270.0,0.0,0.0,0.0,0.0,0.0,66.7,0.0,0.0,0.0,0.0,55.0
Oliver Skipp,17.0,8.0,2.0,220.0,0.0,0.0,0.0,2.0,0.0,84.7,5.0,31.0,2.0,3.0,110.0
Michel Vorm,34.0,2.0,2.0,180.0,0.0,0.0,0.0,0.0,0.0,86.4,0.0,0.0,0.0,0.0,32.0
Vincent Janssen,24.0,3.0,0.0,39.0,0.0,0.0,0.0,3.0,0.0,70.0,0.0,12.0,0.0,0.0,13.0
Georges-Kévin N'Koudou,23.0,1.0,0.0,5.0,0.0,1.0,0.0,0.0,0.0,75.0,1.0,5.0,0.0,0.0,5.0
Luke Amos,21.0,1.0,0.0,3.0,0.0,0.0,0.0,0.0,0.0,50.0,0.0,0.0,0.0,0.0,1.0
Bernd Leno,26.0,32.0,31.0,2836.0,0.0,0.0,0.0,0.0,0.0,70.7,2.0,0.0,0.0,0.0,521.0
Shkodran Mustafi,26.0,31.0,31.0,2611.0,2.0,0.0,9.0,19.0,0.0,82.3,105.0,119.0,12.0,12.0,1369.0
Pierre-Emerick Aubameyang,29.0,36.0,30.0,2726.0,22.0,5.0,0.0,89.0,0.0,70.9,68.0,600.0,29.0,32.0,831.0
Granit Xhaka,25.0,29.0,29.0,2498.0,4.0,2.0,10.0,30.0,7.0,82.2,272.0,510.0,16.0,16.0,1851.0
Alexandre Lacazette,27.0,35.0,27.0,2502.0,13.0,8.0,2.0,81.0,1.0,72.6,79.0,664.0,52.0,53.0,893.0
Sokratis Papastathopoulos,30.0,25.0,25.0,2198.0,1.0,2.0,12.0,10.0,0.0,89.8,40.0,37.0,8.0,8.0,1129.0
Lucas Torreira,22.0,34.0,24.0,2382.0,2.0,2.0,7.0,24.0,2.0,87.5,137.0,348.0,22.0,23.0,1279.0
Mattéo Guendouzi,19.0,33.0,23.0,2149.0,0.0,0.0,9.0,15.0,0.0,87.0,146.0,401.0,31.0,33.0,1395.0
Alex Iwobi,22.0,35.0,22.0,1970.0,3.0,6.0,0.0,35.0,0.0,75.1,130.0,692.0,53.0,58.0,1073.0
Sead Kolašinac,25.0,24.0,22.0,1887.0,0.0,5.0,5.0,10.0,0.0,79.3,117.0,507.0,16.0,17.0,880.0
Nacho Monreal,32.0,22.0,21.0,1861.0,1.0,3.0,5.0,9.0,0.0,86.5,101.0,334.0,10.0,10.0,988.0
Mesut Özil,29.0,24.0,20.0,1735.0,5.0,2.0,2.0,11.0,0.0,87.2,147.0,668.0,18.0,19.0,1106.0
Henrikh Mkhitaryan,29.0,25.0,19.0,1641.0,6.0,4.0,1.0,50.0,1.0,75.8,96.0,538.0,24.0,27.0,776.0
Héctor Bellerín,23.0,19.0,18.0,1533.0,0.0,5.0,3.0,18.0,0.0,83.8,104.0,383.0,19.0,19.0,697.0
Aaron Ramsey,27.0,28.0,14.0,1331.0,4.0,6.0,0.0,33.0,0.0,81.9,70.0,399.0,12.0,14.0,769.0
Laurent Koscielny,32.0,17.0,13.0,1331.0,3.0,0.0,1.0,5.0,0.0,92.4,27.0,24.0,1.0,1.0,698.0
Ainsley Maitland-Niles,20.0,16.0,11.0,987.0,1.0,1.0,2.0,6.0,0.0,79.5,73.0,240.0,19.0,19.0,411.0
Stephan Lichtsteiner,34.0,14.0,10.0,938.0,0.0,0.0,3.0,1.0,0.0,76.7,47.0,181.0,8.0,8.0,438.0
Rob Holding,22.0,10.0,9.0,807.0,0.0,0.0,1.0,1.0,0.0,87.9,23.0,26.0,4.0,4.0,500.0
Petr Čech,36.0,7.0,7.0,584.0,0.0,0.0,0.0,0.0,0.0,69.4,0.0,1.0,1.0,1.0,130.0
Mohamed Elneny,26.0,8.0,5.0,380.0,0.0,0.0,0.0,7.0,0.0,90.2,28.0,56.0,1.0,1.0,251.0
Konstantinos Mavropanos,20.0,4.0,3.0,148.0,0.0,0.0,1.0,1.0,0.0,94.0,8.0,7.0,1.0,1.0,113.0
Carl Jenkinson,26.0,3.0,2.0,166.0,0.0,0.0,0.0,0.0,0.0,78.3,4.0,39.0,0.0,0.0,67.0
Danny Welbeck,27.0,8.0,1.0,153.0,1.0,1.0,0.0,4.0,0.0,75.9,11.0,36.0,3.0,3.0,56.0
Joe Willock,18.0,2.0,1.0,64.0,0.0,0.0,0.0,2.0,0.0,100.0,0.0,11.0,1.0,1.0,24.0
Denis Suárez,24.0,4.0,0.0,71.0,0.0,0.0,0.0,0.0,0.0,91.4,2.0,15.0,3.0,3.0,38.0
Eddie Nketiah,19.0,5.0,0.0,67.0,1.0,0.0,0.0,3.0,0.0,95.0,2.0,23.0,2.0,2.0,26.0
Bukayo Saka,16.0,1.0,0.0,8.0,0.0,0.0,0.0,0.0,0.0,,0.0,0.0,0.0,0.0,0.0
Conor Coady,25.0,38.0,38.0,3420.0,0.0,0.0,5.0,0.0,0.0,84.2,61.0,8.0,1.0,2.0,1267.0
Rui Patrício,30.0,37.0,37.0,3329.0,0.0,0.0,1.0,0.0,0.0,59.0,0.0,0.0,0.0,0.0,280.0
Willy Boly,27.0,36.0,36.0,3167.0,4.0,0.0,2.0,22.0,0.0,82.1,125.0,91.0,17.0,17.0,1282.0
Raúl Jiménez,27.0,38.0,36.0,3111.0,13.0,7.0,4.0,113.0,0.0,73.6,81.0,688.0,36.0,37.0,1133.0
Matt Doherty,26.0,38.0,35.0,3144.0,4.0,5.0,5.0,43.0,0.0,72.9,294.0,867.0,27.0,30.0,1294.0
João Moutinho,31.0,38.0,35.0,3032.0,1.0,8.0,4.0,18.0,1.0,80.5,263.0,673.0,15.0,15.0,1467.0
Ryan Bennett,28.0,34.0,34.0,3060.0,1.0,0.0,12.0,15.0,0.0,78.9,95.0,132.0,1.0,1.0,980.0
Rúben Neves,21.0,35.0,34.0,3007.0,4.0,3.0,8.0,71.0,11.0,80.6,176.0,339.0,12.0,14.0,1503.0
Jonny Castro,24.0,33.0,32.0,2771.0,1.0,1.0,6.0,26.0,0.0,80.6,107.0,653.0,26.0,27.0,955.0
Diogo Jota,21.0,33.0,29.0,2355.0,9.0,5.0,11.0,57.0,0.0,75.8,78.0,582.0,58.0,65.0,870.0
Leander Dendoncker,23.0,19.0,17.0,1467.0,2.0,0.0,1.0,16.0,0.0,80.6,37.0,209.0,12.0,12.0,504.0
Hélder Costa,24.0,25.0,16.0,1341.0,1.0,2.0,3.0,25.0,0.0,75.5,39.0,406.0,27.0,33.0,533.0
Romain Saïss,28.0,19.0,12.0,1149.0,2.0,0.0,7.0,11.0,0.0,78.3,59.0,75.0,5.0,5.0,528.0
Adama Traoré,22.0,29.0,8.0,902.0,1.0,1.0,1.0,19.0,0.0,71.9,45.0,254.0,57.0,63.0,371.0
Rúben Vinagre,19.0,17.0,7.0,710.0,0.0,0.0,1.0,5.0,0.0,71.0,50.0,191.0,14.0,14.0,303.0
Ivan Cavaleiro,24.0,23.0,6.0,693.0,3.0,1.0,1.0,12.0,0.0,70.8,30.0,281.0,17.0,17.0,359.0
Morgan Gibbs-White,18.0,26.0,5.0,663.0,0.0,1.0,1.0,8.0,0.0,80.7,23.0,161.0,13.0,15.0,315.0
John Ruddy,31.0,1.0,1.0,90.0,0.0,0.0,0.0,0.0,0.0,71.4,0.0,0.0,0.0,0.0,7.0
Léo Bonatini,24.0,7.0,0.0,135.0,0.0,1.0,0.0,9.0,0.0,74.5,5.0,45.0,0.0,0.0,62.0
Max Kilman,21.0,1.0,0.0,1.0,0.0,0.0,0.0,0.0,0.0,,0.0,0.0,0.0,0.0,0.0
Will Norris,24.0,1.0,0.0,1.0,0.0,0.0,0.0,0.0,0.0,,0.0,0.0,0.0,0.0,0.0
Jordan Pickford,24.0,38.0,38.0,3420.0,0.0,0.0,1.0,0.0,0.0,59.8,1.0,0.0,0.0,0.0,563.0
Gylfi Sigurðsson,28.0,38.0,36.0,3117.0,13.0,6.0,3.0,81.0,7.0,67.4,190.0,797.0,38.0,42.0,996.0
Michael Keane,25.0,33.0,33.0,2969.0,1.0,2.0,2.0,29.0,0.0,82.5,108.0,81.0,5.0,7.0,1106.0
Lucas Digne,25.0,35.0,33.0,2965.0,4.0,4.0,5.0,34.0,11.0,70.9,293.0,895.0,14.0,16.0,1205.0
Idrissa Gana Gueye,28.0,33.0,32.0,2822.0,0.0,2.0,6.0,20.0,0.0,84.1,171.0,361.0,22.0,23.0,1302.0
Richarlison,21.0,35.0,32.0,2665.0,13.0,1.0,5.0,87.0,1.0,65.2,76.0,727.0,41.0,50.0,944.0
Kurt Zouma,23.0,32.0,29.0,2612.0,2.0,2.0,4.0,17.0,0.0,85.2,87.0,85.0,4.0,5.0,1042.0
Séamus Coleman,29.0,29.0,29.0,2558.0,2.0,2.0,1.0,13.0,0.0,76.9,188.0,583.0,25.0,26.0,1027.0
Bernard,25.0,34.0,25.0,2116.0,1.0,3.0,5.0,24.0,0.0,73.0,91.0,557.0,45.0,48.0,821.0
Theo Walcott,29.0,37.0,24.0,2119.0,5.0,2.0,1.0,43.0,0.0,70.8,66.0,472.0,25.0,27.0,677.0
André Gomes,25.0,27.0,24.0,1980.0,1.0,1.0,7.0,22.0,0.0,83.3,117.0,314.0,34.0,37.0,1008.0
Dominic Calvert-Lewin,21.0,35.0,19.0,1784.0,6.0,2.0,3.0,55.0,0.0,64.2,21.0,410.0,25.0,27.0,554.0
Cenk Tosun,27.0,25.0,10.0,1059.0,3.0,3.0,3.0,34.0,0.0,74.5,18.0,239.0,7.0,9.0,286.0
Tom Davies,20.0,16.0,10.0,980.0,0.0,0.0,3.0,7.0,0.0,78.9,51.0,169.0,10.0,12.0,418.0
Yerry Mina,23.0,13.0,10.0,892.0,1.0,0.0,3.0,4.0,0.0,84.6,34.0,25.0,1.0,1.0,371.0
Morgan Schneiderlin,28.0,14.0,10.0,834.0,0.0,1.0,2.0,3.0,0.0,89.0,29.0,79.0,7.0,7.0,422.0
Jonjoe Kenny,21.0,10.0,8.0,791.0,0.0,1.0,1.0,3.0,0.0,75.0,81.0,191.0,7.0,10.0,346.0
Leighton Baines,33.0,6.0,5.0,375.0,0.0,0.0,0.0,2.0,1.0,78.9,43.0,86.0,0.0,0.0,163.0
Mason Holgate,21.0,5.0,4.0,408.0,0.0,0.0,1.0,0.0,0.0,74.4,26.0,9.0,1.0,2.0,182.0
Phil Jagielka,35.0,7.0,4.0,331.0,1.0,0.0,0.0,1.0,0.0,76.8,6.0,7.0,0.0,0.0,125.0
Ademola Lookman,20.0,21.0,3.0,618.0,0.0,2.0,0.0,12.0,0.0,81.0,33.0,201.0,27.0,28.0,279.0
Oumar Niasse,28.0,5.0,0.0,63.0,0.0,0.0,0.0,3.0,0.0,59.1,3.0,28.0,1.0,2.0,37.0
James McCarthy,27.0,1.0,0.0,15.0,0.0,0.0,0.0,0.0,0.0,87.5,0.0,0.0,0.0,0.0,4.0
Kasper Schmeichel,31.0,38.0,38.0,3420.0,0.0,0.0,3.0,1.0,0.0,68.3,3.0,2.0,2.0,2.0,538.0
Wilfred Ndidi,21.0,38.0,37.0,3296.0,2.0,0.0,8.0,56.0,0.0,80.3,153.0,399.0,40.0,45.0,1533.0
Ben Chilwell,21.0,36.0,36.0,3240.0,0.0,4.0,4.0,20.0,0.0,70.3,211.0,969.0,37.0,44.0,1624.0
Ricardo Pereira,24.0,35.0,35.0,3123.0,2.0,6.0,7.0,26.0,0.0,76.4,224.0,767.0,62.0,72.0,1409.0
James Maddison,21.0,36.0,35.0,2831.0,7.0,7.0,4.0,82.0,14.0,76.9,237.0,946.0,43.0,46.0,1394.0
Harry Maguire,25.0,31.0,31.0,2596.0,3.0,0.0,6.0,29.0,0.0,85.5,166.0,192.0,17.0,17.0,1299.0
Jamie Vardy,31.0,34.0,30.0,2726.0,18.0,4.0,3.0,75.0,0.0,64.6,38.0,403.0,19.0,21.0,490.0
Nampalys Mendy,26.0,31.0,23.0,2092.0,0.0,0.0,5.0,3.0,0.0,87.6,80.0,200.0,19.0,21.0,870.0
Demarai Gray,22.0,34.0,23.0,1985.0,4.0,1.0,2.0,46.0,1.0,73.8,46.0,488.0,46.0,46.0,733.0
Jonny Evans,30.0,24.0,21.0,1996.0,1.0,0.0,2.0,10.0,0.0,85.6,35.0,49.0,0.0,0.0,732.0
Wes Morgan,34.0,22.0,21.0,1925.0,3.0,0.0,3.0,14.0,0.0,82.5,34.0,46.0,3.0,3.0,634.0
Marc Albrighton,28.0,27.0,18.0,1625.0,2.0,2.0,3.0,19.0,0.0,59.1,101.0,428.0,22.0,24.0,676.0
Youri Tielemans,21.0,13.0,13.0,1086.0,3.0,4.0,2.0,30.0,2.0,84.0,71.0,260.0,13.0,13.0,587.0
Harvey Barnes,20.0,16.0,11.0,1004.0,1.0,2.0,0.0,39.0,0.0,74.7,35.0,324.0,20.0,21.0,378.0
Kelechi Iheanacho,21.0,30.0,9.0,941.0,1.0,3.0,2.0,19.0,0.0,75.3,22.0,205.0,11.0,11.0,308.0
Rachid Ghezzal,26.0,19.0,8.0,743.0,1.0,0.0,3.0,21.0,1.0,76.2,53.0,281.0,14.0,16.0,412.0
Daniel Amartey,23.0,9.0,7.0,641.0,0.0,0.0,2.0,4.0,0.0,81.8,42.0,62.0,1.0,2.0,274.0
Hamza Choudhury,20.0,9.0,7.0,595.0,0.0,0.0,0.0,4.0,0.0,87.0,18.0,68.0,2.0,2.0,175.0
Çağlar Söyüncü,22.0,6.0,4.0,372.0,0.0,0.0,1.0,2.0,0.0,85.1,16.0,11.0,4.0,4.0,163.0
Danny Simpson,31.0,6.0,3.0,292.0,0.0,0.0,0.0,0.0,0.0,70.1,21.0,25.0,0.0,0.0,81.0
Vicente Iborra,30.0,8.0,3.0,229.0,0.0,0.0,0.0,2.0,0.0,86.1,12.0,37.0,0.0,0.0,117.0
Christian Fuchs,32.0,3.0,2.0,207.0,0.0,0.0,0.0,2.0,0.0,76.6,30.0,72.0,1.0,1.0,107.0
Shinji Okazaki,32.0,21.0,1.0,288.0,0.0,1.0,0.0,4.0,0.0,75.8,7.0,70.0,5.0,6.0,116.0
Adrien Silva,29.0,2.0,1.0,88.0,0.0,0.0,0.0,0.0,0.0,88.6,6.0,19.0,0.0,0.0,68.0
Fousseni Diabaté,22.0,1.0,1.0,54.0,0.0,0.0,0.0,0.0,0.0,55.6,1.0,6.0,0.0,0.0,16.0
Łukasz Fabiański,33.0,38.0,38.0,3420.0,0.0,0.0,0.0,0.0,0.0,54.1,0.0,1.0,1.0,1.0,417.0
Felipe Anderson,25.0,36.0,36.0,3043.0,9.0,4.0,3.0,58.0,5.0,73.0,223.0,1039.0,84.0,89.0,1650.0
Declan Rice,19.0,34.0,34.0,3003.0,2.0,0.0,4.0,24.0,0.0,86.9,85.0,219.0,25.0,25.0,1078.0
Issa Diop,21.0,33.0,33.0,2970.0,1.0,0.0,4.0,14.0,0.0,85.3,64.0,29.0,5.0,5.0,801.0
Mark Noble,31.0,31.0,29.0,2291.0,5.0,5.0,6.0,13.0,0.0,84.3,163.0,375.0,15.0,16.0,1287.0
Robert Snodgrass,30.0,33.0,25.0,2220.0,2.0,5.0,10.0,31.0,4.0,75.7,138.0,710.0,34.0,37.0,973.0
Marko Arnautović,29.0,28.0,24.0,1990.0,10.0,4.0,3.0,62.0,3.0,75.7,46.0,541.0,28.0,29.0,691.0
Pablo Zabaleta,33.0,26.0,23.0,2092.0,0.0,1.0,4.0,7.0,0.0,75.3,145.0,409.0,10.0,10.0,714.0
Fabián Balbuena,26.0,23.0,23.0,2013.0,1.0,0.0,2.0,17.0,0.0,78.2,42.0,41.0,2.0,2.0,584.0
Michail Antonio,28.0,33.0,22.0,2103.0,6.0,4.0,3.0,65.0,0.0,66.0,76.0,594.0,57.0,63.0,849.0
Angelo Ogbonna,30.0,24.0,20.0,1874.0,1.0,1.0,2.0,13.0,0.0,83.7,34.0,34.0,2.0,2.0,563.0
Arthur Masuaku,24.0,23.0,19.0,1759.0,0.0,1.0,2.0,4.0,0.0,80.4,91.0,294.0,30.0,30.0,730.0
Aaron Cresswell,28.0,20.0,18.0,1589.0,0.0,1.0,1.0,11.0,2.0,78.7,109.0,364.0,8.0,8.0,710.0
Javier Hernández,30.0,25.0,14.0,1334.0,7.0,1.0,2.0,34.0,0.0,71.8,23.0,215.0,14.0,14.0,373.0
Pedro Obiang,26.0,24.0,12.0,1128.0,0.0,1.0,0.0,16.0,0.0,79.1,51.0,151.0,8.0,9.0,448.0
Ryan Fredericks,25.0,15.0,12.0,1086.0,1.0,0.0,5.0,5.0,0.0,72.4,48.0,168.0,8.0,8.0,359.0
Manuel Lanzini,25.0,10.0,8.0,686.0,1.0,1.0,2.0,11.0,3.0,86.6,42.0,180.0,13.0,14.0,439.0
Grady Diangana,20.0,17.0,6.0,609.0,0.0,1.0,0.0,10.0,0.0,75.5,24.0,177.0,17.0,19.0,265.0
Andriy Yarmolenko,28.0,9.0,5.0,459.0,2.0,0.0,2.0,9.0,0.0,78.5,20.0,152.0,4.0,4.0,215.0
Lucas Pérez,29.0,15.0,4.0,475.0,3.0,0.0,0.0,9.0,0.0,68.9,5.0,107.0,5.0,5.0,143.0
Jack Wilshere,26.0,8.0,4.0,392.0,0.0,1.0,2.0,2.0,0.0,91.3,11.0,58.0,8.0,8.0,185.0
Andy Carroll,29.0,12.0,3.0,461.0,0.0,0.0,2.0,14.0,0.0,65.6,4.0,73.0,3.0,4.0,143.0
Samir Nasri,31.0,5.0,3.0,245.0,0.0,2.0,0.0,3.0,0.0,87.1,13.0,83.0,2.0,2.0,145.0
Carlos Sánchez,32.0,7.0,2.0,245.0,0.0,0.0,0.0,3.0,0.0,88.6,10.0,18.0,6.0,6.0,105.0
Ben Johnson,18.0,1.0,1.0,62.0,0.0,0.0,0.0,0.0,0.0,86.4,0.0,4.0,0.0,1.0,15.0
Xande Silva,21.0,1.0,0.0,18.0,0.0,0.0,0.0,2.0,0.0,60.0,0.0,5.0,0.0,0.0,6.0
Ben Foster,35.0,38.0,38.0,3420.0,0.0,0.0,1.0,1.0,0.0,48.3,2.0,1.0,0.0,0.0,429.0
Craig Cathcart,29.0,36.0,35.0,3096.0,3.0,0.0,2.0,16.0,0.0,81.8,64.0,58.0,3.0,3.0,874.0
Abdoulaye Doucouré,25.0,35.0,34.0,3062.0,5.0,6.0,7.0,52.0,0.0,83.4,165.0,565.0,41.0,44.0,1578.0
Étienne Capoue,30.0,33.0,33.0,2944.0,1.0,3.0,14.0,17.0,5.0,83.4,164.0,244.0,32.0,32.0,1285.0
Roberto Pereyra,27.0,33.0,33.0,2815.0,6.0,1.0,3.0,56.0,6.0,81.5,125.0,760.0,46.0,54.0,1109.0
Will Hughes,23.0,32.0,31.0,2418.0,2.0,4.0,5.0,31.0,0.0,76.8,108.0,573.0,21.0,23.0,921.0
Troy Deeney,30.0,32.0,28.0,2545.0,9.0,5.0,4.0,61.0,0.0,62.4,109.0,560.0,6.0,10.0,856.0
José Holebas,34.0,28.0,27.0,2393.0,3.0,6.0,12.0,17.0,4.0,61.6,175.0,562.0,23.0,25.0,618.0
Gerard Deulofeu,24.0,30.0,26.0,2066.0,10.0,5.0,3.0,62.0,6.0,73.0,85.0,668.0,44.0,46.0,802.0
Kiko Femenía,27.0,29.0,22.0,2049.0,1.0,1.0,1.0,7.0,0.0,80.9,131.0,414.0,16.0,17.0,793.0
Adrian Mariappa,31.0,26.0,20.0,1927.0,0.0,0.0,3.0,5.0,0.0,83.7,44.0,26.0,1.0,2.0,672.0
Christian Kabasele,27.0,21.0,19.0,1586.0,0.0,0.0,4.0,8.0,0.0,73.0,33.0,24.0,0.0,0.0,398.0
Daryl Janmaat,29.0,18.0,17.0,1520.0,0.0,2.0,3.0,11.0,0.0,70.8,105.0,252.0,12.0,13.0,484.0
Andre Gray,27.0,29.0,13.0,1366.0,7.0,2.0,2.0,37.0,0.0,67.1,12.0,256.0,12.0,13.0,325.0
Adam Masina,24.0,14.0,11.0,1004.0,0.0,1.0,5.0,3.0,0.0,77.2,67.0,148.0,6.0,6.0,330.0
Isaac Success,22.0,30.0,9.0,1052.0,1.0,1.0,4.0,28.0,0.0,71.0,35.0,304.0,16.0,18.0,442.0
Ken Sema,24.0,17.0,9.0,754.0,1.0,2.0,1.0,10.0,0.0,71.3,20.0,176.0,22.0,22.0,266.0
Tom Cleverley,28.0,13.0,4.0,478.0,1.0,0.0,2.0,3.0,1.0,76.4,18.0,66.0,1.0,1.0,169.0
Domingos Quina,18.0,8.0,3.0,338.0,1.0,0.0,0.0,5.0,0.0,85.3,19.0,64.0,8.0,9.0,202.0
Nathaniel Chalobah,23.0,9.0,3.0,270.0,0.0,0.0,2.0,2.0,0.0,76.9,11.0,36.0,1.0,1.0,88.0
Miguel Britos,33.0,3.0,2.0,185.0,0.0,0.0,0.0,0.0,0.0,85.7,5.0,3.0,0.0,0.0,36.0
Marc Navarro,23.0,2.0,1.0,84.0,0.0,0.0,0.0,0.0,0.0,64.7,2.0,10.0,1.0,1.0,19.0
Ben Wilmot,18.0,2.0,0.0,28.0,0.0,0.0,0.0,0.0,0.0,80.0,1.0,1.0,0.0,0.0,6.0
Stefano Okaka,28.0,2.0,0.0,24.0,0.0,0.0,1.0,2.0,0.0,69.2,1.0,15.0,1.0,1.0,13.0
Sebastian Prödl,31.0,1.0,0.0,13.0,0.0,0.0,0.0,0.0,0.0,100.0,0.0,0.0,0.0,0.0,3.0
Luka Milivojević,27.0,38.0,38.0,3420.0,12.0,2.0,10.0,47.0,16.0,76.1,248.0,545.0,18.0,20.0,1486.0
Patrick van Aanholt,27.0,36.0,36.0,3195.0,3.0,2.0,3.0,44.0,0.0,80.9,292.0,682.0,27.0,28.0,1351.0
James McArthur,30.0,38.0,36.0,3058.0,3.0,6.0,7.0,34.0,0.0,79.2,101.0,472.0,29.0,30.0,1141.0
Aaron Wan-Bissaka,20.0,35.0,35.0,3134.0,0.0,3.0,4.0,9.0,0.0,75.2,164.0,558.0,75.0,78.0,933.0
Wilfried Zaha,25.0,34.0,34.0,3036.0,10.0,5.0,9.0,79.0,0.0,76.7,147.0,945.0,143.0,155.0,1339.0
Andros Townsend,27.0,38.0,34.0,3009.0,6.0,4.0,1.0,62.0,0.0,72.4,134.0,909.0,75.0,79.0,1131.0
James Tomkins,29.0,29.0,29.0,2560.0,1.0,1.0,5.0,23.0,0.0,84.0,51.0,71.0,1.0,1.0,803.0
Mamadou Sakho,28.0,27.0,27.0,2416.0,0.0,0.0,2.0,5.0,0.0,88.3,100.0,27.0,11.0,11.0,929.0
Cheikhou Kouyaté,28.0,31.0,21.0,1899.0,0.0,2.0,3.0,21.0,0.0,80.1,70.0,242.0,19.0,20.0,601.0
Vicente Guaita,31.0,20.0,20.0,1754.0,0.0,0.0,2.0,0.0,0.0,50.2,0.0,0.0,0.0,0.0,178.0
Jeffrey Schlupp,25.0,30.0,18.0,1670.0,4.0,1.0,1.0,29.0,0.0,74.9,60.0,277.0,26.0,28.0,586.0
Wayne Hennessey,31.0,18.0,17.0,1576.0,0.0,0.0,0.0,0.0,0.0,53.1,1.0,0.0,0.0,0.0,170.0
Max Meyer,22.0,29.0,15.0,1416.0,1.0,2.0,3.0,35.0,0.0,81.2,56.0,362.0,19.0,19.0,644.0
Jordan Ayew,26.0,20.0,14.0,1181.0,1.0,2.0,3.0,26.0,0.0,73.6,16.0,237.0,24.0,25.0,330.0
Martin Kelly,28.0,13.0,12.0,1111.0,0.0,0.0,2.0,3.0,0.0,76.0,17.0,12.0,0.0,0.0,242.0
Christian Benteke,27.0,16.0,9.0,814.0,1.0,1.0,1.0,29.0,0.0,57.2,13.0,167.0,4.0,5.0,276.0
Michy Batshuayi,24.0,11.0,9.0,750.0,5.0,0.0,0.0,26.0,0.0,68.5,7.0,114.0,13.0,14.0,174.0
Scott Dann,31.0,10.0,7.0,663.0,0.0,1.0,1.0,6.0,0.0,78.2,17.0,13.0,4.0,4.0,160.0
Joel Ward,28.0,7.0,6.0,552.0,1.0,0.0,1.0,2.0,0.0,72.3,28.0,68.0,2.0,2.0,140.0
Julián Speroni,39.0,1.0,1.0,90.0,0.0,0.0,0.0,0.0,0.0,44.4,0.0,0.0,0.0,0.0,8.0
Alexander Sørloth,22.0,12.0,0.0,185.0,0.0,0.0,0.0,4.0,0.0,66.1,5.0,53.0,1.0,1.0,61.0
Connor Wickham,25.0,6.0,0.0,67.0,0.0,1.0,0.0,5.0,0.0,46.2,1.0,19.0,0.0,0.0,20.0
Bakary Sako,30.0,4.0,0.0,29.0,0.0,0.0,0.0,0.0,0.0,69.2,0.0,7.0,0.0,0.0,12.0
Jason Puncheon,32.0,5.0,0.0,13.0,0.0,0.0,0.0,0.0,0.0,90.9,0.0,5.0,0.0,0.0,8.0
Luke Dreher,19.0,1.0,0.0,1.0,0.0,0.0,0.0,0.0,0.0,100.0,0.0,2.0,0.0,0.0,3.0
Pape Souaré,28.0,1.0,0.0,1.0,0.0,0.0,0.0,0.0,0.0,100.0,0.0,1.0,0.0,0.0,3.0
Martin Dúbravka,29.0,38.0,38.0,3420.0,0.0,0.0,1.0,0.0,0.0,59.5,0.0,0.0,1.0,1.0,438.0
Matt Ritchie,28.0,36.0,35.0,2928.0,2.0,8.0,9.0,39.0,0.0,65.6,216.0,788.0,17.0,17.0,1014.0
Ayoze Pérez,25.0,37.0,34.0,2917.0,12.0,2.0,2.0,53.0,0.0,75.0,68.0,562.0,63.0,67.0,834.0
Jamaal Lascelles,24.0,32.0,32.0,2745.0,0.0,1.0,4.0,10.0,0.0,76.9,53.0,53.0,3.0,3.0,685.0
Salomón Rondón,28.0,32.0,30.0,2603.0,11.0,7.0,1.0,89.0,9.0,69.7,55.0,563.0,20.0,24.0,892.0
DeAndre Yedlin,25.0,29.0,28.0,2473.0,1.0,2.0,6.0,11.0,0.0,71.5,156.0,455.0,10.0,10.0,635.0
Mohamed Diamé,31.0,29.0,24.0,2166.0,0.0,0.0,3.0,21.0,0.0,77.1,45.0,192.0,23.0,27.0,581.0
Fabian Schär,26.0,24.0,22.0,1999.0,4.0,1.0,12.0,23.0,1.0,67.9,77.0,110.0,12.0,13.0,765.0
Paul Dummett,26.0,26.0,21.0,1990.0,0.0,0.0,1.0,8.0,0.0,72.3,104.0,164.0,2.0,3.0,537.0
Isaac Hayden,23.0,25.0,21.0,1859.0,1.0,4.0,3.0,20.0,0.0,80.2,55.0,229.0,11.0,13.0,513.0
Federico Fernández,29.0,19.0,17.0,1484.0,0.0,1.0,2.0,4.0,0.0,77.7,45.0,28.0,2.0,2.0,436.0
Christian Atsu,26.0,28.0,15.0,1493.0,1.0,0.0,2.0,28.0,0.0,73.8,31.0,318.0,31.0,33.0,448.0
Kenedy,22.0,25.0,14.0,1348.0,1.0,1.0,1.0,29.0,1.0,70.4,53.0,288.0,42.0,46.0,435.0
Ki Sung-yueng,29.0,18.0,14.0,1302.0,0.0,1.0,2.0,9.0,1.0,80.7,82.0,179.0,4.0,5.0,433.0
Javier Manquillo,24.0,18.0,12.0,1101.0,0.0,3.0,2.0,2.0,0.0,68.1,77.0,208.0,5.0,6.0,303.0
Florian Lejeune,27.0,12.0,12.0,1054.0,0.0,0.0,0.0,6.0,0.0,77.1,33.0,41.0,3.0,3.0,395.0
Jonjo Shelvey,26.0,16.0,10.0,948.0,1.0,1.0,1.0,24.0,5.0,67.6,99.0,190.0,14.0,15.0,470.0
Ciaran Clark,28.0,11.0,9.0,858.0,3.0,0.0,1.0,7.0,0.0,74.5,19.0,29.0,0.0,0.0,193.0
Miguel Almirón,24.0,10.0,9.0,759.0,0.0,0.0,0.0,19.0,0.0,72.3,28.0,199.0,7.0,10.0,242.0
Sean Longstaff,20.0,9.0,8.0,687.0,1.0,0.0,2.0,8.0,0.0,80.0,27.0,55.0,5.0,5.0,202.0
Joselu,28.0,16.0,5.0,596.0,2.0,0.0,1.0,16.0,0.0,63.6,12.0,105.0,7.0,7.0,207.0
Yoshinori Mutō,26.0,17.0,5.0,524.0,1.0,0.0,1.0,5.0,0.0,70.1,8.0,95.0,11.0,11.0,123.0
Jacob Murphy,23.0,9.0,3.0,302.0,0.0,1.0,0.0,2.0,0.0,54.9,9.0,57.0,3.0,3.0,58.0
Antonio Barreca,23.0,1.0,0.0,5.0,0.0,0.0,0.0,0.0,0.0,33.3,1.0,1.0,0.0,0.0,3.0
Nathan Aké,23.0,38.0,38.0,3411.0,4.0,0.0,3.0,22.0,0.0,86.4,91.0,142.0,3.0,3.0,1283.0
Ryan Fraser,24.0,38.0,35.0,3166.0,7.0,14.0,2.0,50.0,3.0,67.7,225.0,947.0,22.0,25.0,1274.0
Joshua King,26.0,35.0,34.0,2961.0,12.0,3.0,3.0,64.0,0.0,69.9,94.0,703.0,73.0,79.0,1002.0
Steve Cook,27.0,31.0,31.0,2786.0,1.0,1.0,3.0,22.0,0.0,77.7,117.0,146.0,4.0,4.0,1093.0
Callum Wilson,26.0,30.0,29.0,2528.0,14.0,9.0,3.0,63.0,0.0,70.0,45.0,419.0,22.0,27.0,580.0
Jefferson Lerma,23.0,30.0,29.0,2506.0,2.0,0.0,12.0,33.0,0.0,84.3,117.0,313.0,28.0,28.0,1168.0
David Brooks,21.0,30.0,29.0,2261.0,7.0,5.0,3.0,41.0,0.0,73.8,110.0,514.0,42.0,49.0,870.0
Adam Smith,27.0,25.0,25.0,2066.0,1.0,1.0,5.0,8.0,0.0,80.2,116.0,375.0,18.0,19.0,753.0
Asmir Begović,31.0,24.0,24.0,2160.0,0.0,0.0,0.0,0.0,0.0,68.1,1.0,2.0,0.0,0.0,208.0
Dan Gosling,28.0,25.0,19.0,1739.0,2.0,1.0,8.0,21.0,0.0,79.4,100.0,204.0,8.0,8.0,751.0
Charlie Daniels,31.0,21.0,17.0,1585.0,1.0,0.0,4.0,13.0,0.0,77.0,112.0,336.0,13.0,16.0,678.0
Andrew Surman,31.0,18.0,16.0,1439.0,0.0,0.0,2.0,9.0,0.0,86.4,85.0,161.0,4.0,4.0,652.0
Simon Francis,33.0,17.0,13.0,1229.0,0.0,2.0,1.0,3.0,0.0,73.4,94.0,200.0,4.0,4.0,540.0
Nathaniel Clyne,27.0,14.0,13.0,1143.0,0.0,1.0,2.0,2.0,0.0,77.2,76.0,206.0,6.0,6.0,359.0
Artur Boruc,38.0,12.0,12.0,1080.0,0.0,0.0,2.0,0.0,0.0,64.3,0.0,0.0,0.0,0.0,103.0
Junior Stanislas,28.0,23.0,11.0,1031.0,2.0,3.0,1.0,33.0,10.0,76.2,66.0,319.0,17.0,18.0,470.0
Chris Mepham,20.0,13.0,10.0,850.0,0.0,1.0,1.0,2.0,0.0,82.9,22.0,12.0,4.0,5.0,290.0
Jordon Ibe,22.0,19.0,9.0,797.0,1.0,1.0,1.0,9.0,0.0,75.1,44.0,220.0,25.0,25.0,284.0
Lewis Cook,21.0,13.0,8.0,723.0,0.0,0.0,2.0,3.0,0.0,82.0,40.0,95.0,9.0,9.0,318.0
Diego Rico,25.0,12.0,5.0,612.0,0.0,0.0,1.0,9.0,1.0,67.8,67.0,147.0,5.0,6.0,233.0
Jack Simpson,21.0,6.0,4.0,403.0,0.0,0.0,0.0,2.0,0.0,84.9,10.0,6.0,0.0,0.0,171.0
Dominic Solanke,20.0,10.0,2.0,347.0,0.0,1.0,0.0,9.0,0.0,72.3,6.0,81.0,9.0,9.0,119.0
Mark Travers,19.0,2.0,2.0,180.0,0.0,0.0,0.0,0.0,0.0,75.4,1.0,0.0,0.0,0.0,22.0
Tyrone Mings,25.0,5.0,2.0,143.0,0.0,0.0,0.0,0.0,0.0,81.3,6.0,7.0,1.0,1.0,63.0
Lys Mousset,22.0,24.0,1.0,368.0,1.0,0.0,1.0,13.0,0.0,71.1,10.0,96.0,5.0,7.0,146.0
Emerson Hyndman,22.0,1.0,0.0,38.0,0.0,0.0,0.0,0.0,0.0,73.9,1.0,5.0,0.0,0.0,21.0
Jermain Defoe,35.0,4.0,0.0,25.0,0.0,0.0,0.0,1.0,0.0,,0.0,2.0,0.0,0.0,1.0
Sam Surridge,20.0,2.0,0.0,13.0,0.0,0.0,0.0,2.0,0.0,60.0,0.0,7.0,0.0,0.0,7.0
Ben Mee,28.0,38.0,38.0,3420.0,0.0,2.0,9.0,23.0,0.0,75.4,99.0,87.0,9.0,9.0,955.0
Jack Cork,29.0,37.0,37.0,3312.0,1.0,2.0,6.0,15.0,0.0,80.1,95.0,332.0,27.0,29.0,996.0
Charlie Taylor,24.0,38.0,35.0,3243.0,0.0,1.0,2.0,6.0,0.0,71.7,163.0,579.0,41.0,43.0,1008.0
James Tarkowski,25.0,35.0,35.0,3086.0,3.0,1.0,8.0,24.0,0.0,70.7,102.0,76.0,7.0,9.0,703.0
Ashley Westwood,28.0,34.0,31.0,2824.0,2.0,7.0,5.0,22.0,1.0,73.9,200.0,458.0,11.0,11.0,1013.0
Chris Wood,26.0,38.0,29.0,2588.0,10.0,2.0,2.0,58.0,0.0,66.1,26.0,487.0,14.0,15.0,725.0
Ashley Barnes,28.0,37.0,26.0,2388.0,12.0,2.0,8.0,61.0,0.0,61.9,45.0,450.0,11.0,12.0,631.0
Jeff Hendrick,26.0,32.0,25.0,2063.0,3.0,0.0,4.0,19.0,1.0,73.3,59.0,327.0,14.0,18.0,557.0
Jóhann Berg Guðmundsson,27.0,29.0,19.0,1752.0,3.0,6.0,2.0,34.0,7.0,66.7,87.0,455.0,18.0,19.0,497.0
Matthew Lowton,29.0,21.0,19.0,1750.0,0.0,0.0,7.0,5.0,0.0,68.5,131.0,282.0,14.0,15.0,467.0
Joe Hart,31.0,19.0,19.0,1710.0,0.0,0.0,0.0,0.0,0.0,45.2,4.0,1.0,0.0,0.0,197.0
Tom Heaton,32.0,19.0,19.0,1710.0,0.0,0.0,3.0,1.0,0.0,48.5,8.0,2.0,1.0,1.0,189.0
Phil Bardsley,33.0,19.0,19.0,1670.0,0.0,0.0,9.0,12.0,0.0,67.9,117.0,222.0,5.0,7.0,405.0
Dwight McNeil,18.0,21.0,19.0,1591.0,3.0,5.0,2.0,28.0,4.0,65.6,69.0,358.0,33.0,36.0,478.0
Aaron Lennon,31.0,16.0,14.0,1215.0,1.0,1.0,1.0,4.0,0.0,74.4,19.0,173.0,8.0,8.0,273.0
Sam Vokes,28.0,20.0,10.0,915.0,3.0,0.0,0.0,23.0,0.0,58.3,21.0,167.0,3.0,3.0,306.0
Robbie Brady,26.0,16.0,6.0,720.0,0.0,1.0,3.0,12.0,2.0,56.4,35.0,168.0,8.0,9.0,206.0
Steven Defour,30.0,6.0,6.0,448.0,0.0,0.0,0.0,0.0,0.0,79.2,21.0,39.0,1.0,1.0,188.0
Kevin Long,27.0,6.0,5.0,514.0,0.0,1.0,0.0,1.0,0.0,78.5,10.0,5.0,0.0,0.0,114.0
Matěj Vydra,26.0,13.0,3.0,318.0,1.0,1.0,1.0,6.0,0.0,59.7,4.0,65.0,3.0,3.0,87.0
Stephen Ward,32.0,3.0,3.0,228.0,0.0,0.0,1.0,1.0,0.0,72.7,16.0,45.0,2.0,2.0,95.0
Ben Gibson,25.0,1.0,1.0,62.0,1.0,0.0,1.0,1.0,0.0,65.6,2.0,2.0,1.0,1.0,21.0
Peter Crouch,37.0,6.0,0.0,92.0,0.0,0.0,1.0,4.0,0.0,44.0,2.0,26.0,0.0,0.0,34.0
Nathan Redmond,24.0,38.0,36.0,3270.0,6.0,4.0,3.0,74.0,3.0,72.2,111.0,970.0,107.0,116.0,1231.0
Pierre Højbjerg,22.0,31.0,31.0,2760.0,4.0,3.0,8.0,53.0,2.0,82.0,165.0,532.0,30.0,31.0,1429.0
Alex McCarthy,28.0,25.0,25.0,2250.0,0.0,0.0,1.0,0.0,0.0,49.9,0.0,1.0,1.0,1.0,212.0
Oriol Romeu,26.0,31.0,25.0,2136.0,1.0,0.0,11.0,10.0,0.0,80.5,130.0,190.0,12.0,12.0,765.0
Ryan Bertrand,28.0,24.0,24.0,2160.0,1.0,0.0,8.0,15.0,3.0,72.7,161.0,539.0,7.0,11.0,688.0
Jan Bednarek,22.0,25.0,24.0,2151.0,0.0,1.0,7.0,6.0,0.0,69.6,71.0,36.0,2.0,2.0,471.0
Jannik Vestergaard,25.0,23.0,23.0,2027.0,0.0,0.0,2.0,13.0,1.0,75.6,73.0,61.0,12.0,12.0,539.0
Danny Ings,26.0,24.0,23.0,1651.0,7.0,3.0,1.0,52.0,0.0,68.8,42.0,325.0,34.0,37.0,463.0
James Ward-Prowse,23.0,26.0,21.0,1945.0,7.0,0.0,4.0,30.0,7.0,68.1,88.0,482.0,6.0,7.0,596.0
Yan Valery,19.0,23.0,20.0,1712.0,2.0,1.0,4.0,6.0,0.0,61.2,83.0,340.0,22.0,26.0,385.0
Jack Stephens,24.0,24.0,19.0,1700.0,1.0,0.0,4.0,7.0,0.0,75.5,60.0,59.0,3.0,4.0,501.0
Mario Lemina,24.0,21.0,18.0,1613.0,1.0,1.0,5.0,27.0,0.0,84.5,71.0,272.0,29.0,29.0,680.0
Maya Yoshida,29.0,17.0,17.0,1518.0,0.0,1.0,0.0,13.0,0.0,78.1,33.0,37.0,2.0,2.0,343.0
Cédric Soares,26.0,18.0,16.0,1495.0,1.0,2.0,4.0,10.0,1.0,70.2,91.0,313.0,9.0,9.0,529.0
Stuart Armstrong,26.0,29.0,16.0,1432.0,3.0,2.0,2.0,32.0,0.0,76.4,71.0,433.0,18.0,18.0,609.0
Matt Targett,22.0,16.0,13.0,1186.0,1.0,3.0,2.0,11.0,1.0,66.3,107.0,342.0,2.0,2.0,423.0
Wesley Hoedt,24.0,13.0,13.0,1170.0,0.0,0.0,2.0,6.0,0.0,77.1,36.0,26.0,6.0,6.0,447.0
Shane Long,31.0,26.0,12.0,1272.0,5.0,1.0,3.0,30.0,0.0,64.1,23.0,290.0,6.0,7.0,385.0
Angus Gunn,22.0,12.0,12.0,1080.0,0.0,0.0,0.0,0.0,0.0,38.8,0.0,0.0,0.0,0.0,94.0
Charlie Austin,29.0,25.0,11.0,983.0,2.0,2.0,1.0,33.0,0.0,61.1,9.0,175.0,5.0,8.0,243.0
Mohamed Elyounoussi,23.0,16.0,8.0,793.0,0.0,0.0,0.0,19.0,0.0,65.2,27.0,213.0,8.0,12.0,232.0
Manolo Gabbiadini,26.0,12.0,4.0,476.0,1.0,0.0,0.0,21.0,1.0,69.7,5.0,91.0,3.0,5.0,122.0
Josh Sims,21.0,7.0,2.0,212.0,0.0,1.0,0.0,5.0,0.0,78.3,3.0,37.0,3.0,3.0,45.0
Michael Obafemi,18.0,6.0,1.0,137.0,1.0,1.0,1.0,8.0,0.0,73.9,3.0,35.0,1.0,2.0,33.0
Callum Slattery,19.0,3.0,1.0,112.0,0.0,0.0,0.0,2.0,0.0,65.6,3.0,15.0,1.0,1.0,29.0
Steven Davis,33.0,3.0,1.0,98.0,0.0,1.0,0.0,0.0,0.0,94.2,7.0,14.0,0.0,0.0,50.0
Fraser Forster,30.0,1.0,1.0,90.0,0.0,0.0,0.0,0.0,0.0,43.5,0.0,0.0,0.0,0.0,7.0
Kayne Ramsey,17.0,1.0,1.0,90.0,0.0,0.0,0.0,0.0,0.0,77.8,0.0,0.0,0.0,0.0,8.0
Sam Gallagher,22.0,4.0,0.0,34.0,0.0,0.0,0.0,0.0,0.0,25.0,0.0,5.0,0.0,0.0,9.0
Tyreke Johnson,19.0,1.0,0.0,1.0,0.0,0.0,0.0,0.0,0.0,,0.0,0.0,0.0,0.0,0.0
Lewis Dunk,26.0,36.0,36.0,3151.0,2.0,1.0,6.0,22.0,1.0,83.3,50.0,83.0,1.0,1.0,1061.0
Shane Duffy,26.0,35.0,35.0,3087.0,5.0,1.0,4.0,39.0,0.0,78.1,33.0,112.0,5.0,5.0,918.0
Mathew Ryan,26.0,34.0,34.0,3060.0,0.0,0.0,2.0,0.0,0.0,54.2,0.0,0.0,0.0,0.0,395.0
Davy Pröpper,26.0,30.0,30.0,2546.0,1.0,1.0,2.0,15.0,0.0,78.3,130.0,339.0,36.0,40.0,975.0
Glenn Murray,34.0,38.0,30.0,2508.0,13.0,1.0,5.0,51.0,0.0,60.8,36.0,416.0,14.0,16.0,731.0
Solly March,24.0,35.0,30.0,2463.0,1.0,5.0,1.0,42.0,3.0,64.6,86.0,635.0,43.0,48.0,812.0
Dale Stephens,29.0,30.0,29.0,2485.0,1.0,1.0,6.0,10.0,0.0,83.6,126.0,193.0,11.0,11.0,1010.0
Martín Montoya,27.0,25.0,24.0,2167.0,0.0,1.0,4.0,8.0,0.0,78.2,148.0,315.0,12.0,15.0,717.0
Pascal Groß,27.0,25.0,24.0,1864.0,3.0,3.0,1.0,21.0,1.0,69.0,118.0,473.0,10.0,10.0,739.0
Gaëtan Bong,30.0,22.0,19.0,1808.0,0.0,0.0,0.0,2.0,0.0,68.0,116.0,249.0,11.0,14.0,487.0
Bernardo,23.0,22.0,19.0,1752.0,0.0,1.0,4.0,8.0,0.0,72.5,131.0,278.0,15.0,16.0,593.0
Anthony Knockaert,26.0,30.0,18.0,1837.0,2.0,6.0,4.0,29.0,2.0,71.1,85.0,445.0,29.0,33.0,611.0
Yves Bissouma,21.0,28.0,17.0,1774.0,0.0,0.0,5.0,31.0,3.0,82.0,52.0,289.0,51.0,59.0,636.0
Bruno,37.0,14.0,14.0,1131.0,0.0,1.0,2.0,2.0,0.0,79.8,75.0,148.0,7.0,8.0,414.0
Jürgen Locadia,24.0,26.0,12.0,1236.0,2.0,0.0,1.0,26.0,1.0,73.7,25.0,250.0,8.0,8.0,343.0
Alireza Jahanbakhsh,24.0,19.0,12.0,1020.0,0.0,0.0,2.0,22.0,0.0,68.6,32.0,208.0,17.0,22.0,298.0
Beram Kayal,30.0,18.0,9.0,940.0,1.0,1.0,4.0,4.0,0.0,69.5,29.0,73.0,8.0,8.0,211.0
José Izquierdo,26.0,15.0,9.0,795.0,0.0,1.0,1.0,15.0,0.0,77.1,18.0,152.0,11.0,13.0,196.0
Florin Andone,25.0,23.0,8.0,881.0,3.0,0.0,5.0,19.0,0.0,67.8,6.0,175.0,13.0,16.0,241.0
Leon Balogun,30.0,8.0,5.0,594.0,1.0,0.0,2.0,3.0,0.0,79.8,4.0,7.0,2.0,3.0,152.0
David Button,29.0,4.0,4.0,360.0,0.0,0.0,0.0,0.0,0.0,44.4,0.0,0.0,0.0,0.0,37.0
Neil Etheridge,28.0,38.0,38.0,3420.0,0.0,0.0,2.0,0.0,0.0,33.3,0.0,0.0,0.0,0.0,411.0
Bruno Ecuele Manga,30.0,38.0,37.0,3376.0,0.0,1.0,0.0,11.0,0.0,63.6,143.0,182.0,14.0,14.0,466.0
Sean Morrison,27.0,34.0,34.0,3039.0,1.0,3.0,6.0,33.0,0.0,57.8,68.0,187.0,11.0,12.0,371.0
Víctor Camarasa,24.0,32.0,31.0,2569.0,5.0,4.0,6.0,39.0,5.0,69.8,119.0,597.0,39.0,43.0,752.0
Joe Bennett,28.0,30.0,30.0,2639.0,0.0,1.0,5.0,10.0,3.0,67.6,157.0,318.0,24.0,27.0,435.0
Sol Bamba,33.0,28.0,28.0,2474.0,4.0,1.0,7.0,21.0,0.0,68.4,47.0,46.0,16.0,16.0,244.0
Aron Gunnarsson,29.0,28.0,27.0,2266.0,1.0,1.0,5.0,20.0,0.0,65.6,119.0,302.0,9.0,9.0,424.0
Harry Arter,28.0,25.0,24.0,1997.0,0.0,1.0,10.0,23.0,0.0,77.5,82.0,231.0,7.0,7.0,424.0
Junior Hoilett,28.0,32.0,23.0,2141.0,3.0,1.0,4.0,41.0,1.0,62.9,44.0,434.0,20.0,22.0,480.0
Joe Ralls,24.0,28.0,22.0,1959.0,0.0,0.0,4.0,22.0,0.0,65.8,140.0,299.0,4.0,4.0,513.0
Josh Murphy,23.0,29.0,22.0,1817.0,3.0,2.0,2.0,45.0,3.0,54.4,35.0,406.0,46.0,54.0,453.0
Callum Paterson,23.0,27.0,21.0,1998.0,4.0,1.0,4.0,39.0,0.0,48.1,69.0,417.0,9.0,13.0,528.0
Lee Peltier,31.0,20.0,17.0,1544.0,0.0,0.0,4.0,1.0,0.0,63.1,62.0,133.0,4.0,4.0,197.0
Bobby Reid,25.0,27.0,16.0,1424.0,5.0,2.0,0.0,25.0,1.0,71.8,20.0,238.0,23.0,25.0,338.0
Oumar Niasse,28.0,13.0,12.0,931.0,0.0,0.0,0.0,17.0,0.0,68.0,14.0,197.0,29.0,32.0,269.0
Nathaniel Mendez-Laing,26.0,20.0,11.0,985.0,4.0,1.0,0.0,20.0,0.0,60.9,37.0,211.0,26.0,26.0,273.0
Kenneth Zohore,24.0,19.0,7.0,753.0,1.0,1.0,1.0,17.0,0.0,66.0,10.0,166.0,5.0,5.0,207.0
Greg Cunningham,27.0,7.0,7.0,630.0,0.0,0.0,3.0,1.0,0.0,72.9,32.0,65.0,1.0,1.0,117.0
Leandro Bacuna,26.0,11.0,4.0,561.0,0.0,0.0,2.0,5.0,0.0,67.9,24.0,51.0,4.0,4.0,78.0
Danny Ward,26.0,14.0,4.0,445.0,1.0,0.0,0.0,12.0,0.0,55.3,8.0,70.0,1.0,1.0,100.0
Kadeem Harris,25.0,13.0,3.0,375.0,1.0,0.0,1.0,5.0,0.0,64.6,9.0,101.0,11.0,13.0,116.0
Jazz Richards,27.0,4.0,0.0,132.0,0.0,0.0,0.0,0.0,0.0,71.4,2.0,8.0,0.0,0.0,13.0
Rhys Healey,23.0,3.0,0.0,52.0,0.0,0.0,0.0,1.0,0.0,20.0,1.0,14.0,1.0,1.0,12.0
Gary Madine,27.0,5.0,0.0,37.0,0.0,0.0,0.0,0.0,0.0,92.3,3.0,11.0,1.0,1.0,12.0
Loïc Damour,27.0,2.0,0.0,23.0,0.0,0.0,0.0,1.0,0.0,72.7,0.0,5.0,0.0,0.0,10.0
Aleksandar Mitrović,23.0,37.0,37.0,3280.0,11.0,3.0,7.0,122.0,2.0,72.3,64.0,656.0,32.0,34.0,1195.0
Sergio Rico,24.0,29.0,29.0,2610.0,0.0,0.0,1.0,0.0,0.0,58.2,0.0,0.0,0.0,0.0,354.0
Denis Odoi,30.0,31.0,29.0,2594.0,0.0,1.0,4.0,10.0,0.0,82.2,104.0,164.0,22.0,23.0,976.0
Calum Chambers,23.0,31.0,29.0,2588.0,2.0,0.0,9.0,35.0,0.0,78.4,130.0,237.0,25.0,28.0,1146.0
Joe Bryan,24.0,28.0,27.0,2345.0,0.0,1.0,5.0,21.0,0.0,70.3,176.0,447.0,18.0,19.0,861.0
Jean Seri,27.0,32.0,27.0,2244.0,1.0,2.0,6.0,18.0,3.0,83.7,172.0,481.0,16.0,16.0,1367.0
Ryan Sessegnon,18.0,35.0,26.0,2300.0,2.0,6.0,0.0,28.0,0.0,70.2,91.0,447.0,32.0,35.0,686.0
Maxime Le Marchand,28.0,26.0,25.0,2250.0,0.0,1.0,5.0,4.0,0.0,82.5,87.0,116.0,9.0,9.0,1039.0
Tim Ream,30.0,26.0,25.0,2047.0,0.0,0.0,1.0,1.0,0.0,87.8,70.0,21.0,6.0,6.0,760.0
Tom Cairney,27.0,31.0,24.0,2194.0,1.0,1.0,0.0,24.0,0.0,89.0,119.0,520.0,44.0,50.0,1325.0
André Schürrle,27.0,24.0,21.0,1641.0,6.0,0.0,2.0,56.0,4.0,74.6,52.0,388.0,27.0,30.0,584.0
Cyrus Christie,25.0,28.0,19.0,1948.0,0.0,1.0,7.0,11.0,0.0,73.4,126.0,485.0,30.0,31.0,829.0
Andre-Frank Zambo Anguissa,22.0,22.0,16.0,1517.0,0.0,0.0,2.0,20.0,0.0,87.6,83.0,198.0,31.0,33.0,887.0
Ryan Babel,31.0,16.0,15.0,1251.0,5.0,3.0,3.0,25.0,0.0,79.6,42.0,287.0,36.0,37.0,516.0
Alfie Mawson,24.0,15.0,13.0,1131.0,0.0,0.0,2.0,2.0,0.0,81.5,29.0,12.0,3.0,3.0,335.0
Luciano Vietto,24.0,20.0,10.0,986.0,1.0,4.0,1.0,24.0,0.0,76.8,30.0,285.0,13.0,15.0,427.0
Kevin McDonald,29.0,15.0,10.0,841.0,0.0,0.0,5.0,4.0,0.0,85.4,35.0,62.0,1.0,1.0,440.0
Timothy Fosu-Mensah,20.0,12.0,10.0,793.0,0.0,0.0,3.0,4.0,0.0,79.0,51.0,121.0,9.0,9.0,359.0
Marcus Bettinelli,26.0,7.0,7.0,630.0,0.0,0.0,1.0,0.0,0.0,65.0,0.0,0.0,0.0,0.0,110.0
Aboubakar Kamara,23.0,13.0,5.0,693.0,3.0,0.0,2.0,19.0,0.0,70.2,13.0,221.0,16.0,20.0,262.0
Stefan Johansen,27.0,12.0,4.0,417.0,0.0,0.0,4.0,1.0,1.0,76.8,31.0,67.0,3.0,4.0,192.0
Håvard Nordtveit,28.0,5.0,4.0,362.0,0.0,1.0,0.0,0.0,0.0,83.8,7.0,2.0,2.0,2.0,177.0
Floyd Ayité,29.0,16.0,3.0,476.0,1.0,0.0,0.0,7.0,0.0,76.1,24.0,126.0,13.0,15.0,198.0
Fabricio,30.0,2.0,2.0,180.0,0.0,0.0,0.0,0.0,0.0,68.0,0.0,0.0,0.0,0.0,21.0
Ibrahima Cissé,24.0,3.0,1.0,88.0,0.0,0.0,0.0,0.0,0.0,84.8,3.0,1.0,1.0,2.0,21.0
Neeskens Kebano,26.0,7.0,0.0,108.0,0.0,0.0,0.0,1.0,0.0,78.1,1.0,29.0,1.0,1.0,32.0
Lazar Marković,24.0,1.0,0.0,45.0,0.0,0.0,0.0,0.0,0.0,96.7,2.0,15.0,0.0,0.0,33.0
Harvey Elliot,15.0,2.0,0.0,20.0,0.0,0.0,0.0,1.0,0.0,83.3,1.0,11.0,1.0,1.0,13.0
Christopher Schindler,28.0,37.0,37.0,3260.0,1.0,0.0,5.0,14.0,0.0,84.7,71.0,62.0,1.0,1.0,1039.0
Terence Kongolo,24.0,32.0,32.0,2716.0,1.0,1.0,4.0,14.0,0.0,76.0,112.0,187.0,13.0,14.0,918.0
Jonas Lössl,29.0,31.0,30.0,2778.0,0.0,1.0,1.0,0.0,0.0,63.2,1.0,3.0,2.0,2.0,536.0
Jonathan Hogg,29.0,29.0,29.0,2367.0,0.0,1.0,8.0,8.0,0.0,83.9,101.0,342.0,14.0,15.0,1088.0
Alex Pritchard,25.0,30.0,26.0,2081.0,2.0,0.0,2.0,48.0,1.0,71.0,90.0,657.0,33.0,39.0,897.0
Aaron Mooy,27.0,29.0,25.0,2330.0,3.0,1.0,4.0,39.0,8.0,75.5,172.0,700.0,30.0,32.0,1112.0
Philip Billing,22.0,27.0,25.0,2188.0,2.0,0.0,7.0,43.0,3.0,72.9,132.0,557.0,21.0,22.0,893.0
Mathias Jørgensen,28.0,24.0,24.0,2147.0,3.0,1.0,6.0,8.0,0.0,81.7,109.0,62.0,2.0,3.0,805.0
Chris Löwe,29.0,29.0,23.0,2057.0,0.0,2.0,2.0,18.0,1.0,69.1,99.0,434.0,12.0,12.0,733.0
Erik Durm,26.0,28.0,21.0,2055.0,0.0,1.0,0.0,8.0,0.0,69.8,125.0,419.0,15.0,15.0,636.0
Florent Hadergjonaj,24.0,24.0,19.0,1842.0,0.0,0.0,1.0,6.0,0.0,71.8,124.0,415.0,11.0,11.0,679.0
Steve Mounié,23.0,31.0,19.0,1778.0,2.0,3.0,1.0,63.0,0.0,65.2,27.0,359.0,12.0,14.0,611.0
Juninho Bacuna,20.0,21.0,16.0,1412.0,1.0,0.0,4.0,17.0,2.0,73.3,100.0,226.0,31.0,36.0,596.0
Elias Kachunga,26.0,20.0,13.0,1182.0,0.0,0.0,2.0,14.0,0.0,72.1,22.0,204.0,18.0,19.0,306.0
Tommy Smith,26.0,15.0,13.0,1141.0,0.0,0.0,2.0,2.0,0.0,76.1,57.0,168.0,4.0,4.0,386.0
Laurent Depoitre,29.0,23.0,10.0,1068.0,0.0,1.0,1.0,34.0,0.0,64.8,17.0,224.0,7.0,8.0,323.0
Isaac Mbenza,22.0,22.0,10.0,986.0,1.0,1.0,1.0,15.0,0.0,66.7,21.0,168.0,10.0,13.0,257.0
Karlan Grant,20.0,13.0,9.0,877.0,3.0,0.0,0.0,21.0,0.0,69.0,11.0,167.0,13.0,13.0,233.0
Jon Gorenc Stanković,22.0,11.0,9.0,715.0,1.0,0.0,2.0,9.0,0.0,78.7,24.0,38.0,3.0,3.0,210.0
Ben Hamer,30.0,7.0,7.0,552.0,0.0,0.0,0.0,0.0,0.0,46.9,0.0,0.0,0.0,0.0,85.0
Adama Diakhaby,22.0,12.0,6.0,552.0,0.0,0.0,1.0,7.0,0.0,72.0,11.0,130.0,11.0,11.0,185.0
Rajiv van La Parra,27.0,5.0,5.0,405.0,0.0,0.0,0.0,5.0,0.0,77.7,10.0,93.0,7.0,8.0,141.0
Jason Puncheon,32.0,6.0,5.0,382.0,0.0,0.0,1.0,6.0,0.0,78.5,28.0,106.0,8.0,8.0,171.0
Danny Williams,29.0,5.0,1.0,96.0,0.0,0.0,1.0,1.0,0.0,76.9,3.0,9.0,1.0,1.0,20.0
Joel Coleman,22.0,1.0,1.0,90.0,0.0,0.0,0.0,0.0,0.0,32.4,0.0,0.0,0.0,0.0,18.0
Aaron Rowe,17.0,2.0,1.0,69.0,0.0,0.0,0.0,0.0,0.0,76.5,1.0,16.0,2.0,2.0,20.0
Abdelhamid Sabiri,21.0,2.0,1.0,48.0,0.0,0.0,0.0,0.0,0.0,80.0,0.0,3.0,0.0,0.0,8.0
Demeaco Duhaney,19.0,1.0,1.0,45.0,0.0,0.0,0.0,0.0,0.0,71.4,6.0,12.0,0.0,0.0,21.0
Ramadan Sobhi,21.0,4.0,0.0,79.0,0.0,0.0,0.0,0.0,0.0,84.1,7.0,39.0,3.0,3.0,42.0
Matty Daly,17.0,2.0,0.0,75.0,0.0,0.0,0.0,0.0,0.0,53.8,0.0,4.0,0.0,1.0,13.0
Collin Quaner,27.0,2.0,0.0,39.0,0.0,0.0,0.0,0.0,0.0,76.5,3.0,14.0,0.0,0.0,18.0
